,Recipt,,,,,amount_recevied,,,To_recevie,mode,,,,,,,,,,,,event,,,
1,2018PM0071,1,512,3,141,125000,,0,96000,cash,,,,,,,Amount Paid,,512,0,,,2018-06-28,0,
2,2018PM0082,7,512,75,914,5500,,0,216000,cash,,,,,,,Amount Paid,,1314,0,,paid,2018-05-10,0,
3,2018PM0083,7,512,75,921,5500,,0,240000,cash,,,,,,,Amount Paid,,1314,0,,paid,2018-04-21,0,
4,2018PM0084,7,512,75,29,108000,,0,113500,cash,,,,,,,Amount Paid,,1314,0,,paid,2018-05-25,0,
5,2018PM0085,7,512,75,921,239000,,0,1000,online,,,,,,RTGS,Amount Paid,,1314,0,,pending,2018-05-08,0,
6,2018PM0086,7,512,75,921,1000,,0,0,cash,,,,,,,Amount Paid,,1314,0,,paid,2018-05-06,0,
7,2018PM0087,7,512,75,919,5500,,0,240000,cash,,,,,,,Amount Paid,,1314,0,,paid,2018-04-21,0,
8,2018PM0088,7,512,75,919,239900,,0,100,cash,,,,,,,Amount Paid,,1314,0,,paid,2018-05-10,0,
9,2018PM0089,7,512,75,919,100,,0,0,cash,,,,,,,Amount Paid,,1314,0,,paid,2018-05-10,0,
10,2018PM00810,7,512,75,1333,54000,,0,167500,online,,,,,,UTBIN18164631159,Amount Paid,,1314,0,,paid,2018-06-13,0,
11,2018PM00811,7,512,75,913,132000,,0,132000,cash,,,,,,,Amount Paid,,1314,0,,pending,2018-06-28,0,
12,2018PM00812,7,512,75,914,108000,,0,108000,online,,,,,,46285958,Amount Paid,,1314,0,,paid,2018-05-29,0,
13,2018PM00813,7,512,75,30,500,,0,245000,cash,,,,,,,Amount Paid,,1314,0,,paid,2018-04-27,0,
14,2018PM00814,7,512,75,325,60000,,0,161500,cash,,,,,,,Amount Paid,,1314,0,,paid,2018-06-21,0,
15,2018PM00815,7,512,75,325,500,,0,161000,cash,,,,,,,Amount Paid,,1314,0,,paid,2018-04-27,0,
16,2018PM00816,7,512,75,21,5500,,0,216000,cash,,,,,,,Amount Paid,,1314,0,,paid,2018-04-19,0,
17,2018PM00817,7,512,75,170,5500,,0,216000,cash,,,,,,,Amount Paid,,1314,0,,paid,2018-04-17,0,
18,2018PM00818,7,512,75,170,54000,,0,162000,cash,,,,,,,Amount Paid,,1314,0,,paid,2018-05-25,0,
19,2018PM00819,7,512,75,29,5500,,0,108000,cash,,,,,,,Amount Paid,,1314,0,,paid,2018-04-13,0,
20,2018PM00820,7,512,75,917,5500,,0,216000,cash,,,,,,,Amount Paid,,1314,0,,paid,2018-04-19,0,
21,2018PF00221,33,58,0,1022,5500,,0,204000,cash,,,,,,,Amount Paid,,1314,0,,paid,2018-05-07,0,
22,2018PF00222,33,58,0,483,5500,,0,204000,cash,,,,,,,Amount Paid,,1314,0,,,2018-05-07,0,
23,2018PF00423,16,512,0,312,72000,,0,89500,cheque,38172,,2018-05-10,,,,Amount Paid,,1314,0,,paid,2018-05-10,0,
24,2018PF00424,16,512,0,1072,36000,,0,119500,online,,,,,,211070869,Amount Paid,,1314,0,,pending,2018-06-12,0,
25,2018PF00425,16,512,0,1076,43200,,0,112300,online,,,,,,PF004/303A,Amount Paid,,1314,0,,paid,2018-06-25,0,
26,2018PF00426,16,512,0,1077,75000,,0,80500,cash,,,,,,,Amount Paid,,1314,0,,,2018-06-25,0,
27,2018PM00227,72,611,1318,974,5500,,0,240000,paytm,,,,19346875526,NULL,NULL,Amount Paid,,1314,0,,paid,2018-06-20,0,
28,2018PM00228,72,611,1318,1091,5500,,0,168000,paytm,,,,19383022788,NULL,NULL,Amount Paid,,1314,0,,paid,2018-06-23,0,
29,2018PM00229,72,611,1318,1149,5500,,0,132000,cash,,,,,NULL,NULL,Amount Paid,,1314,0,,pending,2018-06-29,0,
30,2018PM00230,72,611,1318,1260,5500,,0,132000,paytm,,,,19408776517,NULL,NULL,Amount Paid,,1314,0,,paid,2018-06-25,0,
31,2018PM00231,72,611,1318,1124,5500,,0,152000,cash,,,,,NULL,NULL,Amount Paid,,1314,0,,paid,2018-06-12,0,
32,2018PM00232,72,611,1318,1089,5500,,0,132000,cash,,,,,NULL,NULL,Amount Paid,,1314,0,,pending,2018-06-29,0,
33,2018PM00233,72,611,1318,127,5500,,0,144000,paytm,,,,18842602479,NULL,NULL,Amount Paid,,1314,0,,paid,2018-05-12,0,
34,2018PM00234,72,611,1318,1253,5500,,0,144000,paytm,,,,19400534202,NULL,NULL,Amount Paid,,1314,0,,paid,2018-06-24,0,
35,2018PM00335,74,611,1318,462,5500,,0,288000,cash,,,,,NULL,NULL,Amount Paid,,1314,0,,paid,2018-06-19,0,
36,2018PM00236,72,611,1318,127,72000,,0,72000,online,,,,CMS Collection,NULL,NULL,Amount Paid,,1314,0,,paid,2018-05-22,0,
37,2018PF00237,33,58,0,1321,5500,,0,204000,cash,,,,,NULL,NULL,Amount Paid,,1314,0,,paid,2018-06-27,0,
38,2018PM00238,72,611,1318,1254,5500,,0,132000,cash,,,,,NULL,NULL,Amount Paid,,1314,0,,pending,2018-06-29,0,
39,2018PF00239,33,58,0,1023,5500,,0,192000,online,,,,211070869,NULL,NULL,Amount Paid,,1314,0,,paid,2018-05-10,0,
40,2018PF00240,33,58,0,1023,60000,,0,132000,online,,,,211070869,NULL,NULL,Amount Paid,,1314,0,,paid,2018-06-14,0,
41,2018PM00341,74,611,1318,463,5500,,0,162000,online,,,,PM003502A,NULL,NULL,Amount Paid,,1314,0,,paid,2018-04-16,0,
42,2018PM00242,72,611,1318,1126,5500,,0,168000,cash,,,,,NULL,NULL,Amount Paid,,1314,0,,,2018-05-25,0,
43,2018PF00243,33,58,0,1026,68000,,0,141500,online,,,,SBIN218148086511,NULL,NULL,Amount Paid,,1314,0,,paid,2018-05-28,0,
44,2018PF00244,33,58,0,1027,100000,,0,229500,online,,,,Being 211070869/000135342701,NULL,NULL,Amount Paid,,1314,0,,paid,2018-06-11,0,
45,2018PF00745,14,58,0,1031,5500,,0,192000,cash,,,,,NULL,NULL,Amount Paid,,1314,0,,paid,2018-05-10,0,
46,2018PF00646,3,58,0,920,64500,,0,145000,cash,,,,,NULL,NULL,Amount Paid,,1314,0,,paid,2018-06-16,0,
47,2018PF00647,3,58,0,416,15000,,0,182500,cash,,,,,NULL,NULL,Amount Paid,,1314,0,,,2018-06-16,0,
48,2018PF00648,3,58,0,922,500,,0,185000,cash,,,,,NULL,NULL,Amount Paid,,1314,0,,paid,2018-06-16,0,
49,2018PM00449,13,512,0,31,100000,,0,73500,online,,,,N150180116608364,NULL,NULL,Amount Paid,,1314,0,,paid,2018-05-30,0,
50,2018PF00650,3,58,0,925,7000,,0,178500,online,,,,PF006409B,NULL,NULL,Amount Paid,,1314,0,,paid,2018-06-29,0,
51,2018PMI0151,29,647,648,1097,500,,0,66000,cash,,,,,NULL,NULL,Amount Paid,,1314,0,,paid,2018-06-07,0,
52,2018PMI0152,29,647,648,1097,2500,,0,63500,cash,,,,,NULL,NULL,Amount Paid,,1314,0,,paid,2018-06-11,0,
53,2018PMI0153,29,647,648,1097,3000,,0,60500,cash,,,,,NULL,NULL,Amount Paid,,1314,0,,paid,2018-06-21,0,
54,2018PMI0154,29,647,648,1098,500,,0,66000,cash,,,,,NULL,NULL,Amount Paid,,1314,0,,paid,2018-06-07,0,
55,2018PMI0155,29,647,648,1098,2500,,0,63500,cash,,,,,NULL,NULL,Amount Paid,,1314,0,,paid,2018-06-11,0,
56,2018PMI0156,29,647,648,1098,3000,,0,60500,cash,,,,,NULL,NULL,Amount Paid,,1314,0,,paid,2018-06-21,0,
57,2018PMI0157,29,647,648,1106,5500,,0,61000,cash,,,,,NULL,NULL,Amount Paid,,1314,0,,paid,2018-06-07,0,
58,2018PMI0158,29,647,648,1109,7050,,0,59950,cash,,,,,NULL,NULL,Amount Paid,,1314,0,,paid,2018-06-07,0,
59,2018PM00459,13,512,0,235,96000,,0,113500,cheque,199043,,,199043,NULL,NULL,Amount Paid,,1314,0,,paid,2018-06-22,0,
60,2018PM00460,13,512,0,237,500,,0,173000,cash,,,,,NULL,NULL,Amount Paid,,1314,0,,paid,2018-06-27,0,
61,2018PMI0161,29,647,648,1117,6800,,0,63800,cash,,,,,NULL,NULL,Amount Paid,,1314,0,,paid,2018-06-29,1273,2018-07-19
62,2018PM00462,13,512,0,1084,5500,,0,204000,cash,,,,,NULL,NULL,Amount Paid,,1314,0,,paid,2018-03-28,0,
63,2018PMI0163,29,647,648,1111,12000,,0,58000,cash,,,,,NULL,NULL,Amount Paid,,1314,0,,paid,2018-06-07,0,
64,2018PMI0164,29,647,648,1100,2000,,0,68600,cash,,,,,NULL,NULL,Amount Paid,,1314,0,,paid,2018-06-07,0,
65,2018PMI0165,29,647,648,1100,10850,,0,57750,cash,,,,,NULL,NULL,Amount Paid,,1314,0,,paid,2018-06-14,0,
66,2018PMI0166,29,647,648,1119,5300,,0,64800,cheque,121442,,2018-07-29,121442,NULL,NULL,Amount Paid,,1314,0,,paid,2018-06-07,1273,2018-07-19
67,2018PM00467,13,512,0,1085,5000,,0,204500,cash,,,,,NULL,NULL,Amount Paid,,1314,0,,paid,2018-03-28,0,
68,2018PM00468,13,512,0,1085,500,,0,204000,cash,,,,,NULL,NULL,Amount Paid,,1314,0,,paid,2018-03-28,0,
69,2018PMI0169,29,647,648,1118,5300,,0,64800,cheque,121442,sbi,,121442,NULL,NULL,Amount Paid,,1314,1273,121442,paid,2018-06-29,0,
70,2018PM00470,13,512,0,1331,5500,,0,192000,cash,,,,,NULL,NULL,Amount Paid,,1314,0,,paid,2018-06-27,0,
71,2018PMI0171,29,647,648,1123,7350,,0,63250,cash,,,,,NULL,NULL,Amount Paid,,1314,0,,paid,2018-06-14,0,
72,2018PM00472,13,512,0,231,500,,0,293000,cash,,,,,NULL,NULL,Amount Paid,,1314,0,,paid,2018-06-27,0,
73,2018PMI0173,29,647,648,1092,6350,,0,64250,cash,,,,,NULL,NULL,Amount Paid,,1314,0,,paid,2018-06-11,0,
74,2018PMI0174,29,647,648,1099,2000,,0,69600,cash,,,,,NULL,NULL,Amount Paid,,1314,0,,paid,2018-06-14,0,
75,2018PM00675,11,512,81,924,87000,,0,98500,online,,,,SBIN518178828060,NULL,NULL,Amount Paid,,1314,0,,paid,2018-06-27,0,
76,2018PMI0176,29,647,648,1101,2000,,0,68600,cash,,,,,NULL,NULL,Amount Paid,,1314,0,,paid,2018-06-19,0,
77,2018PMI0177,29,647,648,1101,12000,,0,56600,cash,,,,,NULL,NULL,Amount Paid,,1314,0,,paid,2018-06-21,0,
78,2018PM00678,11,512,81,924,5500,,0,93000,paytm,,,,18981948035,NULL,NULL,Amount Paid,,1314,0,,paid,2018-05-23,0,
79,2018PFI0179,47,647,648,930,1000,,0,22500,cash,,,,,NULL,NULL,Amount Paid,,1314,0,,paid,2018-06-14,0,
80,2018PFI0180,47,647,648,935,16000,,0,7500,cash,,,,,NULL,NULL,Amount Paid,,1314,0,,paid,2018-06-14,0,
81,2018PFI0181,47,647,648,932,16000,,0,7500,cash,,,,,NULL,NULL,Amount Paid,,1314,0,,paid,2018-06-14,0,
82,2018PFI0182,47,647,648,955,15000,,0,70000,cash,,,,,NULL,NULL,Amount Paid,,1314,0,,paid,2018-06-14,0,
83,2018PFI0183,47,647,648,938,2000,,0,83000,cash,,,,,NULL,NULL,Amount Paid,,1314,0,,paid,2018-06-14,0,
84,2018PFI0184,47,647,648,938,13000,,0,70000,cash,,,,,NULL,NULL,Amount Paid,,1314,0,,paid,2018-06-19,0,
85,2018PFI0185,47,647,648,939,15000,,0,70000,cash,,,,,NULL,NULL,Amount Paid,,1314,0,,paid,2018-06-14,0,
86,2018PFI0186,47,647,648,941,7000,,0,78000,cash,,,,,NULL,NULL,Amount Paid,,1314,0,,paid,2018-06-21,0,
87,2018PFI0187,47,647,648,942,15000,,0,70000,cash,,,,,NULL,NULL,Amount Paid,,1314,0,,paid,2018-06-07,0,
88,2018PM00688,11,512,81,933,69000,,0,116500,online,,,,SBIN118148863718,NULL,NULL,Amount Paid,,1314,0,,paid,2018-05-28,0,
89,2018PM00689,11,512,81,933,5500,,0,111000,cash,,,,,NULL,NULL,Amount Paid,,1314,0,,paid,2018-05-01,0,
90,2018PFI0190,47,647,648,943,13500,,0,71000,cheque,715407,SBI,2018-05-19,715407,NULL,NULL,Amount Paid,,1314,0,,paid,2018-05-19,0,
91,2018PM00691,11,512,81,934,5500,,0,180000,cash,,,,,NULL,NULL,Amount Paid,,1314,0,,paid,2018-04-25,0,
92,2018PM00692,11,512,81,934,69000,,0,111000,cash,,,,,NULL,NULL,Amount Paid,,1314,0,,paid,2018-05-29,0,
93,2018PM00693,11,512,81,927,28000,,0,217500,cash,,,,,NULL,NULL,Amount Paid,,1314,0,,paid,2018-05-19,0,
94,2018PM00694,11,512,81,927,5500,,0,212000,cash,,,,,NULL,NULL,Amount Paid,,1314,0,,paid,2018-04-17,0,
95,2018PFI0195,47,647,648,945,7250,,0,77750,cash,,,,,NULL,NULL,Amount Paid,,1314,0,,paid,2018-06-07,0,
96,2018PFI0196,47,647,648,944,1000,,0,84000,cash,,,,,NULL,NULL,Amount Paid,,1314,0,,paid,2018-06-14,0,
97,2018PM00697,11,512,81,967,43500,,0,142000,online,,,,SAA366600998,NULL,NULL,Amount Paid,,1314,0,,paid,2018-06-22,0,
98,2018PM00698,11,512,81,967,5500,,0,136500,cash,,,,,NULL,NULL,Amount Paid,,1314,0,,paid,2018-05-30,0,
99,2018PFI0199,47,647,648,946,14500,,0,70500,cheque,100088,hdfc,2018-06-07,100088,NULL,NULL,Amount Paid,,1314,0,,paid,2018-06-07,1273,2018-07-19
100,2018PFI01100,47,647,648,952,7000,,0,77000,cash,,,,,NULL,NULL,Amount Paid,,1314,0,,paid,2018-05-24,0,
101,2018PFI01101,47,647,648,954,14000,,0,70500,cash,,,,,NULL,NULL,Amount Paid,,1314,0,,paid,2018-06-14,0,
102,2018PFI01102,47,647,648,959,1500,,0,83500,cash,,,,,NULL,NULL,Amount Paid,,1314,0,,,2018-06-07,0,
103,2018PFI01103,47,647,648,956,14500,,0,70500,cash,,,,,NULL,NULL,Amount Paid,,1314,0,,paid,2018-06-07,0,
104,2018PM006104,11,512,81,1275,500,,0,185000,paytm,,,,19421393691,NULL,NULL,Amount Paid,,1314,0,,paid,2018-06-26,0,
105,2018PFI01105,47,647,648,904,2000,,0,83000,cash,,,,,NULL,NULL,Amount Paid,,1314,0,,paid,2018-06-21,0,
106,2018PFI01106,47,647,648,961,2000,,0,83000,cash,,,,,NULL,NULL,Amount Paid,,1314,0,,paid,2018-06-21,0,
107,2018PM006107,11,512,81,928,5500,,0,180000,cash,,,,,NULL,NULL,Amount Paid,,1314,0,,paid,2018-05-30,0,
108,2018PMI03108,35,647,648,965,12500,,0,58050,cash,,,,,NULL,NULL,Amount Paid,,1314,0,,paid,2018-06-19,0,
109,2018PMI03109,35,647,648,1011,250,,0,69850,cash,,,,,NULL,NULL,Amount Paid,,1314,0,,paid,2018-06-14,0,
110,2018PMI03110,35,647,648,1011,11500,,0,58350,cash,,,,,NULL,NULL,Amount Paid,,1314,0,,paid,2018-05-24,0,
111,2018PMI03111,35,647,648,1014,11500,,0,58600,cash,,,,,NULL,NULL,Amount Paid,,1314,0,,paid,2018-05-24,0,
112,2018PMI04112,31,650,896,897,7000,,0,84000,cash,,,,,NULL,NULL,Amount Paid,,1314,0,,,2018-06-04,0,
113,2018PMI04113,31,650,896,901,7000,,0,84000,cash,,,,,NULL,NULL,Amount Paid,,1314,0,,,2018-06-04,0,
114,2018PMI04114,31,650,896,902,7000,,0,84000,cash,,,,,NULL,NULL,Amount Paid,,1314,0,,,2018-06-04,0,
115,2018PMI04115,31,650,896,1006,2800,,0,8000,cash,,,,,NULL,NULL,Amount Paid,,1314,0,,,2018-06-21,0,
116,2018PMI04116,31,650,896,903,8000,,0,90000,cash,,,,,NULL,NULL,Amount Paid,,1314,0,,,2018-06-14,0,
117,2018PMI04117,31,650,896,1007,8000,,0,7500,cash,,,,,NULL,NULL,Amount Paid,,1314,0,,,2018-06-21,0,
118,2018PM021118,73,58,0,1320,5500,,0,240000,cheque,190701,,2018-06-28,190701,NULL,NULL,Amount Paid,,1314,0,,paid,2018-06-30,0,
119,2018PMI04119,31,650,896,898,500,,0,96500,cash,,,,,NULL,NULL,Amount Paid,,1314,0,,,2018-06-07,0,
120,2018PMI04120,31,650,896,898,7000,,0,89500,cash,,,,,NULL,NULL,Amount Paid,,1314,0,,,2018-06-14,0,
121,2018PMI04121,31,650,896,899,6500,,0,78000,cash,,,,,NULL,NULL,Amount Paid,,1314,0,,,2018-06-06,0,
122,2018PFI02122,26,650,649,1013,18000,,0,28000,cash,,,,,NULL,NULL,Amount Paid,,1314,0,,paid,2018-06-19,0,
123,2018PM015123,41,58,0,1299,5500,,0,240000,paytm,,,,19424288146,NULL,NULL,Amount Paid,,1314,0,,paid,2018-06-26,1314,2018-07-13
124,2018PMI03124,35,647,648,1014,11500,,0,47100,cash,,,,,NULL,NULL,Amount Paid,,1314,0,,paid,2018-05-24,0,
126,2018PMI03126,35,647,648,1014,250,,0,46850,cash,,,,,NULL,NULL,Amount Paid,,1314,0,,paid,2018-06-14,0,
127,2018PMI03127,35,647,648,1012,11500,,0,58600,cash,,,,,NULL,NULL,Amount Paid,,1314,0,,paid,2018-05-24,0,
128,2018PMI03128,35,647,648,1012,250,,0,58350,cash,,,,,NULL,NULL,Amount Paid,,1314,0,,paid,2018-06-14,0,
129,2018PM018129,38,58,0,1093,6500,,0,203000,cash,,,,,NULL,NULL,Amount Paid,,1314,0,,paid,2018-05-22,0,
130,2018PMI03130,35,647,648,1015,2000,,0,69600,cash,,,,,NULL,NULL,Amount Paid,,1314,0,,paid,2018-06-07,0,
131,2018PMI03131,35,647,648,1017,69600,,0,0,cash,,,,,NULL,NULL,Amount Paid,,1314,0,,pending,2018-06-29,0,
132,2018PMI03132,35,647,648,1017,69600,,0,0,cash,,,,,NULL,NULL,Amount Paid,,1314,0,,pending,2018-06-29,0,
133,2018PMI03133,35,647,648,1018,500,,0,69100,cash,,,,,NULL,NULL,Amount Paid,,1314,0,,paid,2018-05-24,0,
134,2018PMI03134,35,647,648,1018,5000,,0,64100,cash,,,,,NULL,NULL,Amount Paid,,1314,0,,paid,2018-06-07,0,
135,2018PM018135,38,58,0,1093,35000,,0,168000,cheque,54544,FEDERAL BANK LIMITED,,54544,NULL,NULL,Amount Paid,,1314,0,,paid,2018-05-30,0,
136,2018PMI03136,35,647,648,1024,1000,,0,69600,cash,,,,,NULL,NULL,Amount Paid,,1314,0,,paid,2018-06-07,0,
137,2018PM017137,40,58,0,1108,30000,,0,167500,cash,,,,,NULL,NULL,Amount Paid,,1314,0,,paid,2018-06-18,0,
138,2018PM017138,40,58,0,1108,5500,,0,162000,cash,,,,,NULL,NULL,Amount Paid,,1314,0,,paid,2018-06-15,0,
139,2018PMI03139,35,647,648,1133,1000,,0,69600,cash,,,,,NULL,NULL,Amount Paid,,1314,0,,paid,2018-06-19,0,
140,2018PM017140,40,58,0,1309,5500,,0,204000,cash,,,,,NULL,NULL,Amount Paid,,1314,0,,paid,2018-06-26,0,
141,2018PMI03141,35,647,648,1041,11500,,0,58600,cash,,,,,NULL,NULL,Amount Paid,,1314,0,,paid,2018-05-24,0,
142,2018PM017142,40,58,0,1368,5500,,0,192000,cash,,,,,NULL,NULL,Amount Paid,,1314,0,,paid,2018-06-26,0,
143,2018PMI03143,35,647,648,1029,11000,,0,59100,cash,,,,,NULL,NULL,Amount Paid,,1314,0,,paid,2018-06-14,0,
144,2018PMI03144,35,647,648,1034,6000,,0,64100,cash,,,,,NULL,NULL,Amount Paid,,1314,0,,paid,2018-05-24,0,
145,2018PMI03145,35,647,648,1034,5500,,0,58600,cash,,,,,NULL,NULL,Amount Paid,,1314,0,,paid,2018-06-19,0,
146,2018PMI03146,35,647,648,1030,5500,,0,64600,cash,,,,,NULL,NULL,Amount Paid,,1314,0,,paid,2018-06-21,0,
147,2018PMI03147,35,647,648,1032,5500,,0,64600,cash,,,,,NULL,NULL,Amount Paid,,1314,0,,paid,2018-06-21,0,
148,2018PM007148,1,512,3,141,120000,,0,125000,online,,,,N151180551623114,NULL,NULL,Amount Paid,,1314,0,,paid,2018-06-02,0,
149,2018PM009149,75,512,0,1342,5500,,0,150000,cash,,,,,NULL,NULL,Amount Paid,,1314,0,,paid,2018-06-29,0,
150,2018PM007150,1,512,3,152,120000,,0,125000,online,,,,,NULL,NULL,Amount Paid,,1314,0,,paid,2018-05-31,0,
151,2018PM007151,1,512,3,175,50000,,0,195500,online,,,,,NULL,NULL,Amount Paid,,1314,0,,paid,2018-06-05,0,
152,2018PM007152,1,512,3,905,63000,,0,206500,online,,,,,NULL,NULL,Amount Paid,,1314,0,,paid,2018-06-04,0,
153,2018PM007153,1,512,3,157,120000,,0,125500,online,,,,N149180550394897,NULL,NULL,Amount Paid,,1314,0,,paid,2018-05-29,0,
154,2018PM007154,1,512,3,910,120000,,0,125500,online,,,,P1806152808862,NULL,NULL,Amount Paid,,1314,0,,paid,2018-06-01,0,
155,2018PM007155,1,512,3,912,50000,,0,195500,online,,,,MAHBH18176150106,NULL,NULL,Amount Paid,,1314,0,,paid,2018-06-25,0,
156,2018PM007156,1,512,3,912,70000,,0,125500,online,,,,MAHBH18176150106,NULL,NULL,Amount Paid,,1314,0,,paid,2018-06-26,0,
157,2018PM007157,1,512,3,907,3500,,0,218000,online,,,,AXIR181522092215,NULL,NULL,Amount Paid,,1314,0,,paid,2018-06-01,0,
158,2018PM007158,1,512,3,909,5500,,0,240000,online,,,,135759002,NULL,NULL,Amount Paid,,1314,0,,paid,2018-06-13,0,
159,2018PMI03159,35,647,648,1035,4000,,0,66600,cash,,,,,NULL,NULL,Amount Paid,,1314,0,,paid,2018-06-07,0,
160,2018PMI03160,35,647,648,1035,26000,,0,40600,cash,,,,,NULL,NULL,Amount Paid,,1314,0,,paid,2018-06-19,0,
161,2018PF010161,57,645,656,696,14000,,0,194000,cash,,,,,NULL,NULL,Amount Paid,,1314,0,,paid,2018-06-06,0,
162,2018PMI03162,35,647,648,1128,11100,,0,59000,cash,,,,,NULL,NULL,Amount Paid,,1314,0,,paid,2018-06-14,0,
163,2018PMI03163,35,647,648,1128,250,,0,58750,cash,,,,,NULL,NULL,Amount Paid,,1314,0,,paid,2018-06-19,0,
164,2018PMI03164,35,647,648,1130,6050,,0,64550,cash,,,,,NULL,NULL,Amount Paid,,1314,0,,paid,2018-06-14,0,
165,2018PMI03165,35,647,648,1130,1000,,0,63550,cash,,,,,NULL,NULL,Amount Paid,,1314,0,,paid,2018-06-19,0,
166,2018PM007166,1,512,3,908,500,,0,288500,cash,,,,,NULL,NULL,Amount Paid,,1314,0,,,2018-06-15,0,
167,2018PMI03167,35,647,648,1129,6800,,0,63800,cash,,,,,NULL,NULL,Amount Paid,,1314,0,,paid,2018-06-19,0,
168,2018PM007168,1,512,3,590,5500,,0,240000,cash,,,,,NULL,NULL,Amount Paid,,1314,0,,paid,2018-04-12,0,
169,2018PM007169,1,512,3,1262,500,,0,269000,cash,,,,,NULL,NULL,Amount Paid,,1314,0,,paid,2018-06-26,0,
170,2018PM007170,1,512,3,1255,500,,0,245000,cash,,,,,NULL,NULL,Amount Paid,,1314,0,,paid,2018-06-23,0,
171,2018PM007171,1,512,3,906,5500,,0,264000,cash,,,,,NULL,NULL,Amount Paid,,1314,0,,paid,2018-05-07,0,
172,2018PM007172,1,512,3,905,5500,,0,201000,cash,,,,,NULL,NULL,Amount Paid,,1314,0,,paid,2018-05-07,0,
173,2018PM007173,1,512,3,911,5500,,0,240000,cash,,,,,NULL,NULL,Amount Paid,,1314,0,,paid,2018-05-01,0,
174,2018PF011174,51,644,654,958,28000,,0,110000,cash,,,,,NULL,NULL,Amount Paid,,1314,0,,paid,2018-06-25,0,
175,2018PF011175,51,644,654,1279,10890,,0,139110,cash,,,,,NULL,NULL,Amount Paid,,1314,0,,,2018-06-12,0,
176,2018PF011176,51,644,654,1057,9000,,0,129000,online,,,,815308047890,NULL,NULL,Amount Paid,,1314,0,,paid,2018-06-02,0,
177,2018PMI02177,28,647,648,1174,13700,,0,56900,cash,,,,,NULL,NULL,Amount Paid,,1314,0,,paid,2018-06-11,0,
178,2018PF004178,16,512,0,1072,5500,,0,114000,cash,,,,,NULL,NULL,Amount Paid,,1314,0,,paid,2018-05-05,0,
179,2018PMI02179,28,647,648,1173,7000,,0,63600,cash,,,,,NULL,NULL,Amount Paid,,1314,0,,paid,2018-06-25,0,
180,2018PF011180,51,644,654,1053,21000,,0,-7000,online,,,,PF011201A,NULL,NULL,Amount Paid,,1314,0,,paid,2018-06-05,0,
181,2018PF004181,16,512,0,1072,36000,,0,78000,online,,,,SAA136705258,NULL,NULL,Amount Paid,,1314,0,,paid,2018-06-12,0,
182,2018PMI02182,28,647,648,1154,2000,,0,68600,cash,,,,,NULL,NULL,Amount Paid,,1314,0,,paid,2018-06-07,0,
183,2018PF004183,16,512,0,1073,5500,,0,150000,cash,,,,,NULL,NULL,Amount Paid,,1314,0,,paid,2018-05-05,0,
184,2018PMI02184,28,647,648,1179,3000,,0,68600,cash,,,,,NULL,NULL,Amount Paid,,1314,0,,paid,2018-06-25,0,
185,2018PF004185,16,512,0,1076,5500,,0,106800,cash,,,,,NULL,NULL,Amount Paid,,1314,0,,paid,2018-06-15,0,
186,2018PF004186,16,512,0,1076,43200,,0,63600,online,,,,SBIN418176414257,NULL,NULL,Amount Paid,,1314,0,,paid,2018-06-25,0,
187,2018PMI02187,28,647,648,1245,5000,,0,69600,cash,,,,,NULL,NULL,Amount Paid,,1314,0,,paid,2018-06-01,0,
189,2018PF011189,51,644,654,1055,10250,,0,139750,online,,,,815621369357,NULL,NULL,Amount Paid,,1314,0,,paid,2018-06-05,0,
190,2018PF006190,3,58,0,1372,5500,,0,180000,cash,,,,,NULL,NULL,Amount Paid,,1314,0,,paid,2018-06-29,0,
191,2018PF011191,51,644,654,1055,500,,0,139250,cash,,,,,NULL,NULL,Amount Paid,,1314,0,,paid,2018-06-05,0,
192,2018PF011192,51,644,654,1055,9700,,0,129550,cash,,,,,NULL,NULL,Amount Paid,,1314,0,,paid,2018-06-21,0,
193,2018PF006193,3,58,0,1324,5500,,0,192000,cash,,,,,NULL,NULL,Amount Paid,,1314,0,,paid,2018-06-27,0,
194,2018PF006194,3,58,0,1323,5500,,0,191504,cash,,,,,NULL,NULL,Amount Paid,,1314,0,,paid,2018-06-26,0,
195,2018PF006195,3,58,0,1310,5500,,0,192000,cash,,,,,NULL,NULL,Amount Paid,,1314,0,,,2018-06-26,0,
196,2018PF006196,3,58,0,920,64000,,0,81000,cash,,,,,NULL,NULL,Amount Paid,,1314,0,,paid,2018-06-16,0,
197,2018PF006197,3,58,0,920,500,,0,80500,cash,,,,,NULL,NULL,Amount Paid,,1314,0,,paid,2018-06-16,0,
198,2018PF006198,3,58,0,416,15000,,0,167500,online,,,,816711510898,NULL,NULL,Amount Paid,,1314,0,,,2018-06-16,0,
199,2018PF011199,51,644,654,1056,10250,,0,139750,online,,,,815621369357,NULL,NULL,Amount Paid,,1314,0,,paid,2018-06-05,0,
200,2018PF011200,51,644,654,1056,500,,0,139250,cash,,,,,NULL,NULL,Amount Paid,,1314,0,,paid,2018-06-05,0,
201,2018PF006201,3,58,0,922,500,,0,184500,cash,,,,,NULL,NULL,Amount Paid,,1314,0,,paid,2018-06-16,0,
202,2018PF011202,51,644,654,1056,9700,,0,129550,online,,,,817214539039,NULL,NULL,Amount Paid,,1314,0,,paid,2018-06-21,0,
203,2018PF011203,51,644,654,1050,17500,,0,132500,cash,,,,,NULL,NULL,Amount Paid,,1314,0,,paid,2018-06-01,0,
204,2018PF011204,51,644,654,1066,17000,,0,133000,cash,,,,,NULL,NULL,Amount Paid,,1314,0,,,2018-06-05,0,
205,2018PF011205,51,644,654,1067,17000,,0,133000,cash,,,,,NULL,NULL,Amount Paid,,1314,0,,,2018-06-05,0,
206,2018PF011206,51,644,654,844,11000,,0,139000,cash,,,,,NULL,NULL,Amount Paid,,1314,0,,,2018-06-01,0,
207,2018PMI03207,35,647,648,1127,11600,,0,58500,online,,,,817763788439,NULL,NULL,Amount Paid,,1314,0,,paid,2018-06-26,0,
208,2018PMI02208,28,647,648,1176,10000,,0,60600,cash,,,,,NULL,NULL,Amount Paid,,1314,0,,paid,2018-06-14,0,
209,2018PF011209,51,644,654,1051,11495,,0,126505,online,,,,815515398118,NULL,NULL,Amount Paid,,1314,0,,paid,2018-06-04,0,
210,2018PF011210,51,644,654,1062,2500,,0,135500,cash,,,,,NULL,NULL,Amount Paid,,1314,0,,,2018-06-05,0,
211,2018PFI01211,47,647,648,1409,85000,,0,0,cash,,,,,NULL,NULL,15000,,647,0,,pending,2018-06-30,0,
212,2018PF011212,51,644,654,1062,500,,0,135000,cash,,,,,NULL,NULL,Amount Paid,,1314,0,,,2018-06-26,0,
213,2018PFI01213,47,647,648,952,14000,,0,63000,cash,,,,,NULL,NULL,Amount Paid,,1314,0,,paid,2018-06-25,0,
214,2018PF011214,51,644,654,1042,2000,,0,136000,cash,,,,,NULL,NULL,Amount Paid,,1314,0,,,2018-07-01,0,
215,2018PMI01215,29,647,648,1010,4000,,0,69600,cash,,,,,NULL,NULL,Amount Paid,,1314,0,,paid,2018-06-25,0,
216,2018PF011216,51,644,654,1042,15000,,0,121000,cash,,,,,NULL,NULL,Amount Paid,,1314,0,,,2018-07-02,0,
217,2018PMI03217,35,647,648,1011,5500,,0,52850,cash,,,,,NULL,NULL,Amount Paid,,1314,0,,paid,2018-06-30,0,
218,2018PF011218,51,644,654,1396,2000,,0,136000,cash,,,,,NULL,NULL,Amount Paid,,1314,0,,,2018-06-01,0,
219,2018PMI03219,35,647,648,1014,5500,,0,41350,cash,,,,,NULL,NULL,Amount Paid,,1314,0,,paid,2018-06-25,0,
220,2018PF011220,51,644,654,1396,5000,,0,131000,cash,,,,,NULL,NULL,Amount Paid,,1314,0,,,2018-06-02,0,
221,2018PF011221,51,644,654,1393,2000,,0,136000,cash,,,,,NULL,NULL,Amount Paid,,1314,0,,,2018-06-01,0,
222,2018PF011222,51,644,654,1393,15000,,0,121000,cash,,,,,NULL,NULL,Amount Paid,,1314,0,,,2018-06-02,0,
223,2018PF012223,22,651,0,1353,6000,,0,138000,cash,,,,,NULL,NULL,Amount Paid,,1314,0,,,2018-06-13,0,
224,2018PF012224,22,651,0,1345,12000,,0,168000,cash,,,,,NULL,NULL,Amount Paid,,1314,0,,,2018-06-30,0,
225,2018PF012225,22,651,0,1345,12000,,0,168000,cash,,,,,NULL,NULL,Amount Paid,,1314,0,,,2018-06-30,0,
226,2018PF011226,51,644,654,1279,10890,,0,128220,cash,,,,,NULL,NULL,Amount Paid,,1314,0,,,2018-06-12,0,
227,2018PF011227,51,644,654,1054,22100,,0,-8100,cash,,,,,NULL,NULL,Amount Paid,,1314,0,,paid,2018-06-05,0,
228,2018PF010228,57,645,656,696,12000,,0,182000,online,,,,815707874846,NULL,NULL,Amount Paid,,1314,0,,paid,2018-06-30,0,
229,2018PF010229,57,645,656,718,14000,,0,194000,cash,,,,,NULL,NULL,Amount Paid,,1314,0,,,2018-06-06,0,
230,2018PF010230,57,645,656,1048,16000,,0,192000,cash,,,,,NULL,NULL,Amount Paid,,1314,0,,,2018-06-06,0,
231,2018PF010231,57,645,656,1048,500,,0,191500,cash,,,,,NULL,NULL,Amount Paid,,1314,0,,,2018-06-14,0,
232,2018PF010232,57,645,656,711,7000,,0,201000,cash,,,,,NULL,NULL,Amount Paid,,1314,0,,,2018-06-04,0,
233,2018PF010233,57,645,656,1039,50000,,0,163500,online,,,,PF010107A,NULL,NULL,Amount Paid,,1314,0,,paid,2018-06-30,0,
234,2018PF010234,57,645,656,723,14000,,0,194000,cash,,,,,NULL,NULL,Amount Paid,,1314,0,,paid,2018-06-04,0,
235,2018PF010235,57,645,656,715,14000,,0,194000,cash,,,,,NULL,NULL,Amount Paid,,1314,0,,paid,2018-06-14,0,
236,2018PF010236,57,645,656,1047,30000,,0,15500,cash,,,,,NULL,NULL,Amount Paid,,1314,0,,paid,2018-06-06,1273,2018-07-18
237,2018PF010237,57,645,656,1047,500,,0,15000,cash,,,,,NULL,NULL,Amount Paid,,1314,0,,paid,2018-06-06,1273,2018-07-18
238,2018PM017238,40,58,0,1437,5500,,0,192000,paytm,,,,19513461939,NULL,NULL,Amount Paid,,1314,0,,paid,2018-07-02,0,
239,2018PM007239,1,512,3,911,120000,,0,120000,cheque,19361,,,19361,NULL,NULL,Amount Paid,,1314,0,,paid,2018-06-30,0,
240,2018PM007240,1,512,3,906,65000,,0,199000,online,,,,PM007103B,NULL,NULL,Amount Paid,,1314,0,,paid,2018-06-11,0,
241,2018PF006241,3,58,0,925,45000,,0,133500,cheque,,STATE BANK OF INDIA,,,NULL,NULL,Amount Paid,,1314,0,,paid,2018-06-22,0,
242,2018PF006242,3,58,0,1413,5500,,0,180000,paytm,,,,19488408292,NULL,NULL,Amount Paid,,1314,0,,paid,2018-06-30,0,
243,2018PM018243,38,58,0,1487,5500,,0,216000,cash,,,,,NULL,NULL,Amount Paid,,1314,0,,paid,2018-07-04,0,
244,2018PM017244,40,58,0,1485,5500,,0,192000,cheque,544680,,,544680,NULL,NULL,Amount Paid,,1314,0,,paid,2018-07-04,0,
245,2018PF004245,16,512,0,47,5500,,0,150000,cash,,,,,NULL,NULL,Amount Paid,,1314,0,,paid,2018-07-04,0,
246,2018PM008246,7,512,75,402,88500,,0,181000,cheque,,state bank of india,,,NULL,NULL,Amount Paid,,1314,0,,paid,2018-06-28,0,
247,2018PM008247,7,512,75,917,54000,,0,162000,cheque,,state bank of india,,,NULL,NULL,Amount Paid,,1314,0,,paid,2018-06-22,0,
248,2018PF002248,33,58,0,1020,5500,,0,204000,cash,,,,,NULL,NULL,Amount Paid,,1314,0,,paid,2018-06-29,0,
249,2018PF002249,33,58,0,1020,48000,,0,156000,cheque,842569,state bank of india,2018-06-30,842569,NULL,NULL,Amount Paid,,1314,0,,paid,2018-06-30,0,
250,2018PF002250,33,58,0,1452,72000,,0,125500,cash,,,,,NULL,NULL,Amount Paid,,1314,0,,paid,2018-07-02,0,
251,2018PF002251,33,58,0,1452,5500,,0,120000,cash,,,,,NULL,NULL,Amount Paid,,1314,0,,paid,2018-07-02,0,
252,2018PM004252,13,512,0,231,96000,,0,197000,online,,,,,NULL,NULL,Amount Paid,,1314,0,,pending,2018-06-29,0,
253,2018PF010253,57,645,656,1505,9000,,0,204500,online,,,,PUNBH18177771418,NULL,NULL,Amount Paid,,1314,0,,paid,2018-06-26,0,
259,2018PM011259,18,58,0,535,60000,,0,137500,cheque,92834,icici bank,2018-12-10,92834,NULL,NULL,Amount Paid,,1314,0,,paid,2018-12-01,0,
260,2018PM011260,18,58,0,535,60000,,0,77500,cheque,92833,icici bank,2018-10-10,92833,NULL,NULL,Amount Paid,,1314,0,,paid,2018-07-05,0,
261,2018PF006261,3,58,0,925,90000,,0,43500,cheque,534489,state bank of india,2018-10-03,534489,NULL,NULL,Amount Paid,,1314,0,,pending,2018-07-05,0,
262,2018PF006262,3,58,0,925,45000,,0,-1500,cheque,534490,state bank of india,2018-12-03,534490,NULL,NULL,Amount Paid,,1314,0,,pending,2018-07-05,0,
263,2018PM008263,7,512,75,402,88000,,0,93000,cheque,449713,state bank of india,2018-10-01,449713,NULL,NULL,Amount Paid,,1314,0,,pending,2018-07-05,0,
264,2018PM008264,7,512,75,402,88000,,0,5000,cheque,449714,state bank of india,2018-12-01,449714,NULL,NULL,Amount Paid,,1314,0,,pending,2018-07-05,0,
265,2018PF002265,33,58,0,1020,16000,,0,140000,cheque,842573,state bank of india,2019-02-01,842573,NULL,NULL,Amount Paid,,1314,0,,pending,2018-07-05,0,
266,2018PF002266,33,58,0,1020,16000,,0,124000,cheque,842572,state bank of india,2019-01-01,842572,NULL,NULL,Amount Paid,,1314,0,,pending,2018-07-05,0,
267,2018PF002267,33,58,0,1020,48000,,0,76000,cheque,842570,state bank of india,2018-10-01,842570,NULL,NULL,Amount Paid,,1314,0,,pending,2018-07-05,0,
268,2018PM021268,73,58,0,1320,96000,,0,144000,cheque,190704,state bank of india,2018-10-01,190704,NULL,NULL,Amount Paid,,1314,0,,pending,2018-07-05,0,
269,2018PM006269,11,512,81,1312,56000,,0,117500,cheque,99775,state bank of india,2018-10-01,99775,NULL,NULL,Amount Paid,,1314,0,,pending,2018-07-05,0,
270,2018PM006270,11,512,81,1312,56000,,0,61500,cheque,29200,axis bank,2018-12-01,29200,NULL,NULL,Amount Paid,,1314,0,,pending,2018-07-05,0,
271,2018PM008271,7,512,75,915,108000,,0,113500,cheque,947207,state bank of india,2018-10-01,947207,NULL,NULL,Amount Paid,,1314,0,,pending,2018-07-05,0,
272,2018PF004272,16,512,0,297,84000,,0,71500,cheque,18,HDFC bank,2018-10-01,18,NULL,NULL,Amount Paid,,1314,0,,pending,2018-07-05,0,
273,2018PM008273,7,512,75,914,108000,,0,0,cheque,786,icici bank,2018-10-01,786,NULL,NULL,Amount Paid,,1314,0,,pending,2018-07-05,0,
274,2018PF034274,61,651,0,1469,5000,,0,0,cheque,127,Andhra Bank,2018-07-02,127,NULL,NULL,Amount Paid,,651,0,,pending,2018-07-05,0,
275,2018PF006275,3,58,0,925,133500,,0,0,cash,,,,,NULL,NULL,Amount Paid,,1314,0,,pending,2018-07-05,0,
276,2018PM011276,18,58,0,535,77500,,0,0,cash,,,,,NULL,NULL,Amount Paid,,1314,0,,pending,2018-07-05,0,
277,2018PF012277,22,651,0,1287,22500,,0,108500,cash,,,,,NULL,NULL,"move in- 500
Deposit- 22000",,642,0,,pending,2018-07-05,0,
278,2018PM003278,74,611,1318,457,75000,,0,104500,cash,,,,,NULL,NULL,Amount Paid,,1314,0,,pending,2018-07-05,0,
279,2018PM003279,74,611,1318,457,37500,,0,67000,cheque,608486,united bank of india,2018-10-03,608486,NULL,NULL,Amount Paid,,1314,0,,pending,2018-07-05,0,
280,2018PF012280,22,651,0,1381,24500,,0,120500,paytm,,,,19532458353,NULL,NULL,"rent - 12000
security - 12500",,642,1314,19532458353,paid,2018-07-05,0,
281,2018PF012281,22,651,0,1473,11000,,0,-10000,cash,,,,,NULL,NULL,rent july,,642,0,,pending,2018-07-05,0,
282,2018PF034282,61,651,0,1470,5500,,0,0,cash,,,,,NULL,NULL,Amount Paid,,642,0,,pending,2018-07-05,0,
283,2018PF034283,61,651,0,1504,5500,,0,0,cash,,,,,NULL,NULL,Amount Paid,,642,0,,pending,2018-07-05,0,
284,2018PF034284,61,651,0,1503,5500,,0,0,paytm,,,,19516908672,NULL,NULL,"booking amount-5000
move in charge- 500",,642,0,,pending,2018-07-05,0,
285,2018PF034285,61,651,0,1502,5500,,0,0,online,,,,818315715893,NULL,NULL,"Amount Paid:
booking amount-5000
move in charge- 500",,642,0,,pending,2018-07-05,0,
286,2018PF011286,51,644,654,1054,14000,,0,0,cash,,,,,NULL,NULL,Rent July,,654,0,,pending,2018-07-05,0,
287,2018PM017287,40,58,0,1414,21500,,0,200000,cash,,,,,NULL,NULL,Amount Paid,,1314,0,,paid,2018-07-05,0,
288,2018PM026288,50,651,0,1531,5500,,0,0,paytm,,,,QR703C800ECD6DD7A5,NULL,NULL,"Amount Paid
BOOKING AMOUNT- 500
MOVE IN CHARGE- 500",,642,0,,pending,2018-07-05,0,
289,2018PM003289,74,611,1318,463,42000,,0,120000,online,,,,"211070869,814914445120",NULL,NULL,Amount Paid,,1314,0,,paid,2018-07-05,0,
294,2018PF012294,22,651,0,1543,5500,,0,144000,cash,,,,,NULL,NULL,"Amount Paid
booking amount- 5000
move in charge- 500",,642,0,,,2018-07-06,0,
295,2018PF012295,22,651,0,1544,1000,,0,144000,cash,,,,,NULL,NULL,BOOKING AMOUNT ,,642,0,,,2018-07-06,0,
296,2018PF012296,22,651,0,1545,1000,,0,144000,cash,,,,,NULL,NULL,BOOKING AMOUNT ,,642,0,,,2018-07-06,0,
297,2018PF012297,22,651,0,1546,5500,,0,144000,online,,,,pay_AVulq5SChaOz3L,NULL,NULL,"booking amount- 5000
move in charge- 500",,642,0,,pending,2018-07-06,0,
298,2018PF012298,22,651,0,1548,5500,,0,120000,online,,,,Avv87waGS9y5az,NULL,NULL,"booking amount- 5000
move in charge- 500",,642,0,,pending,2018-07-06,0,
299,2018PM025299,59,953,0,1549,2000,,0,0,cash,,,,,NULL,NULL,BOOKING AMOUNT ,,642,0,,pending,2018-07-06,0,
300,2018PF011300,51,644,654,1395,12500,,0,137500,paytm,,,,19561735109,NULL,NULL,Amount Paid,,654,0,,pending,2018-07-06,0,
301,2018PF011301,51,644,654,671,8500,,0,141500,cash,,,,,NULL,NULL,July Rent Paid,,654,0,,pending,2018-07-06,0,
302,2018PF012302,22,651,0,1562,5500,,0,144000,cash,,,,,NULL,NULL,"Amount Paid
booking amount 5000
move in charge 500
",,651,0,,pending,2018-07-07,0,
303,2018PF012303,22,651,0,1568,24000,,0,132000,cash,,,,,NULL,NULL,"Amount Paid
RENT+ SECURITY",,642,0,,pending,2018-07-07,0,
304,2018PF011304,51,644,654,1058,12500,,0,137500,online,,,,19561735109,NULL,NULL,Online Transfer NEFT Reference no. N188180580831184,,654,0,,pending,2018-07-06,0,
305,2018PF011305,51,644,654,668,9000,,0,141000,cash,,,,,NULL,NULL,July Rent ,,654,0,,pending,2018-07-06,0,
306,2018PF011306,51,644,654,1052,14000,,0,0,online,,,,10851513395,NULL,NULL,From SBI Ac no. 10851513395 Datedâ€¦ 02/July/2018,,654,0,,pending,2018-07-02,0,
307,2018PF011307,51,644,654,1062,7500,,0,132500,cash,,,,,NULL,NULL,Amount Paid,,654,0,,pending,2018-07-05,0,
308,2018PF011308,51,644,654,1577,17000,,0,133000,cheque,824175,SBI Allahbad,2018-07-02,824175,NULL,NULL,"2000 Cash, 15000 .. Chequeno 824175 Dated/// 02/July SBI Allahbad
",,654,0,,pending,2018-07-02,0,
309,2018PF011309,51,644,654,1581,13000,,0,125000,paytm,,,,19589334335,NULL,NULL,"500 MOVE IN + 10500 RENT + 3000 SECURITY = 14000
PAID 13000
PENDING BAL 1000",,654,0,,pending,2018-07-07,0,
316,2018PF012316,22,651,0,1588,2500,,0,0,cash,,,,,NULL,NULL,Booking amount paid in cash 2500,,651,0,,pending,2018-07-08,0,
317,2018PF012317,22,651,0,1589,2500,,0,0,cash,,,,,NULL,NULL,Booking Amount paid in cash 2500,,651,0,,pending,2018-07-08,0,
318,2018PM026318,50,651,0,1590,5500,,0,0,cash,,,,,NULL,NULL,Amount Paid,,642,0,,pending,2018-07-08,0,
320,2018PF012320,22,651,0,1598,9500,,0,120000,cash,,,,,NULL,NULL,she paid 9500 july rent.,,651,0,,pending,2018-07-08,0,
321,2018PF012321,22,651,0,1402,24000,,0,120000,cash,,,,,NULL,NULL,"she paid 24000 on 2 july account no 00000034658271812, sbi bank",,651,0,,pending,2018-07-09,0,
322,2018PM026322,50,651,0,1594,5500,,0,0,cash,,,,,NULL,NULL,Amount Paid,,642,0,,pending,2018-07-09,0,
323,2018PF012323,22,651,0,1620,5500,,0,144500,online,,,,,NULL,NULL,Amount Paid through phone pay trans id:-P1807091858255138776781,,651,0,,pending,2018-07-09,0,
325,2018PF023325,65,645,1036,1355,6000,,0,198000,cash,,,,,NULL,NULL,5500 booking amount,,645,0,,pending,2018-06-30,0,
326,2018PF013326,64,645,1036,1040,5000,,0,187000,cash,,,,,NULL,NULL,Amount Paid,,645,0,,pending,2018-06-20,0,
327,2018PF023327,65,645,1036,1447,5500,,0,150500,cash,,,,,NULL,NULL,Amount Paid,,645,0,,pending,2018-07-01,0,
328,2018PF023328,65,645,1036,1434,5500,,0,150500,cash,,,,,NULL,NULL,Amount Paid,,645,0,,pending,2018-07-01,0,
329,2018PF013329,64,645,1036,1336,5500,,0,187000,online,,,,IMPS,NULL,NULL,"Amount Paid
INB IMPS/P2A/817709711646",,645,0,,pending,2018-06-26,0,
330,2018PF023330,65,645,1036,1433,5500,,0,132500,cash,,,,,NULL,NULL,Amount Paid,,645,0,,pending,2018-07-01,0,
331,2018PF023331,65,645,1036,1432,1000,,0,164000,cash,,,,,NULL,NULL,Amount Paid,,645,0,,pending,2018-07-01,0,
334,2018PF012334,22,651,0,1546,25000,,0,119000,online,,,,,NULL,NULL,Amount Paid through tansaction id 162366629132252,,651,0,,pending,2018-07-10,0,
335,2018PF012335,22,651,0,1553,7000,,0,142500,online,,,,,NULL,NULL,Amount Paid transaction id:-19591109464 paid on 7/7/18,,651,0,,pending,2018-07-10,0,
336,2018PMI03336,35,647,648,1645,12850,,0,57750,cash,,,,,NULL,NULL,Amount Paid,,647,0,,pending,2018-07-10,0,
337,2018PM027337,79,645,656,1497,3500,,0,15000,cash,,,,,NULL,NULL,Amount Paid,,1314,0,,paid,2018-07-04,0,
338,2018PM027338,79,645,656,1497,43000,,0,-28000,cash,,,,,NULL,NULL,Amount Paid,,1314,0,,paid,2018-07-05,0,
339,2018PM027339,79,645,656,1430,13000,,0,14000,cash,,,,,NULL,NULL,Amount Paid,,1314,0,,paid,2018-07-02,0,
340,2018PM027340,79,645,656,1438,6500,,0,8500,cash,,,,,NULL,NULL,Amount Paid,,1314,0,,paid,2018-07-02,0,
341,2018PM023341,76,645,656,1361,5500,,0,18500,cash,,,,,NULL,NULL,Amount Paid,,1314,0,,pending,2018-06-29,0,
342,2018PM027342,79,645,656,1649,25000,,0,143000,cash,,,,,NULL,NULL,Amount Paid,,656,0,,pending,2018-07-11,0,
343,2018PM023343,76,645,656,1424,38500,,0,22000,cash,,,,,NULL,NULL,Amount Paid,,1314,0,,pending,2018-07-02,0,
345,2018PM023345,76,645,656,1445,10000,,0,209000,cash,,,,,NULL,NULL,Amount Paid,,1314,0,,paid,2018-07-02,0,
347,2018PF025347,68,645,656,1308,5500,,0,192500,cash,,,,,NULL,NULL,Amount Paid,,1314,0,,paid,2018-06-29,0,
348,2018PF025348,68,645,656,1334,5500,,0,192500,cash,,,,,NULL,NULL,Amount Paid,,1314,0,,paid,2018-06-29,0,
351,2018PF025351,68,645,656,1585,16000,,0,192000,cash,,,,,NULL,NULL,Amount Paid,,1314,0,,,2018-07-07,0,
352,2018PF025352,68,645,656,1350,5500,,0,202500,cash,,,,,NULL,NULL,Amount Paid,,1314,0,,paid,2018-06-29,0,
353,2018PF025353,68,645,656,1582,2500,,0,208000,cash,,,,,NULL,NULL,Amount Paid,,1314,0,,paid,2018-07-07,0,
354,2018PF024354,69,645,656,1356,5500,,0,104500,cash,,,,,NULL,NULL,Amount Paid,,1314,0,,paid,2018-06-29,0,
355,2018PF014355,44,645,765,1500,5500,,0,176000,cash,,,,,NULL,NULL,Amount Paid,,1314,0,,paid,2018-07-03,1314,2018-07-12
356,2018PF014356,44,645,765,1498,40000,,0,168000,cash,,,,,NULL,NULL,Amount Paid,,1314,0,,paid,2018-07-04,1314,2018-07-19
357,2018PF011357,51,644,654,672,8500,,0,141500,cash,,,,,NULL,NULL,July Rent ,,654,0,,pending,2018-07-10,0,
358,2018PF013358,64,645,1036,1040,5000,,0,182000,cash,,,,,NULL,NULL,Amount Paid,,1314,0,,paid,2018-07-04,0,
359,2018PF013359,64,645,1036,1341,5500,,0,187000,cash,,,,,NULL,NULL,Amount Paid,,1314,0,,,2018-07-04,0,
360,2018PF023360,65,645,1036,1355,6000,,0,192000,cash,,,,,NULL,NULL,Amount Paid,,1314,0,,paid,2018-06-29,0,
361,2018PF023361,65,645,1036,1447,5500,,0,145000,cash,,,,,NULL,NULL,Amount Paid,,1314,0,,paid,2018-07-02,0,
362,2018PF011362,51,644,654,842,10500,,0,139500,paytm,,,,Online ID:- 819115183800,NULL,NULL,July Rent,,654,0,,pending,2018-07-10,0,
363,2018PF023363,65,645,1036,1434,5500,,0,145000,cash,,,,,NULL,NULL,Amount Paid,,1314,0,,paid,2018-07-02,0,
364,2018PF023364,65,645,1036,1433,5500,,0,127000,cash,,,,,NULL,NULL,Amount Paid,,1314,0,,paid,2018-07-02,0,
365,2018PF023365,65,645,1036,1432,1000,,0,163000,cash,,,,,NULL,NULL,Amount Paid,,1314,0,,paid,2018-07-02,0,
366,2018PF023366,65,645,1036,1535,6000,,0,132000,cash,,,,,NULL,NULL,Amount Paid,,1314,0,,paid,2018-07-04,0,
367,2018PF003367,34,512,3,1669,5500,,0,216000,online,,,,pppppppp,NULL,NULL,Amount Paid,,512,0,,,2018-07-11,0,
368,2018PF003368,34,512,3,1669,200000,,0,16000,cash,,,,,NULL,NULL,Amount Paid,,512,0,,,2018-07-11,0,
369,2018PFL03369,32,1555,1557,1644,5500,,0,119000,cash,,,,,NULL,NULL,Amount Paid,,602,0,,pending,2018-07-11,1314,2018-07-18
370,2018PM026370,50,651,0,1672,5500,,0,0,cash,,,,,NULL,NULL,Amount Paid,,642,0,,pending,2018-07-11,1314,2018-07-21
371,2018PM026371,50,651,0,1596,5500,,0,0,cash,,,,,NULL,NULL,Amount Paid,,642,0,,pending,2018-07-11,0,
372,2018PM026372,50,651,0,1674,5500,,0,0,paytm,,,,19618522872,NULL,NULL,Amount Paid,,642,0,,pending,2018-07-11,0,
373,2018PF012373,22,651,0,1675,11000,,0,0,online,,,,,NULL,NULL,Amount Paid through imps ref no 818821534123 on 7/7/18,,651,0,,pending,2018-07-12,0,
374,2018PF012374,22,651,0,1676,9000,,0,63000,cash,,,,,NULL,NULL,Amount Paid on 11/7/18 in cash,,651,0,,pending,2018-07-12,0,
375,2018PM006375,11,512,81,1389,43500,,0,136000,online,,,,pm006102a/08/05/18,NULL,NULL,Amount Paid,,1273,0,,,2018-07-12,0,
376,2018PF011376,51,644,654,657,8000,,0,142000,cash,,,,,NULL,NULL,July Month Rent,,654,0,,pending,2018-07-12,0,
377,2018PM026377,50,651,0,1673,5500,,0,0,paytm,,,,19638029454,NULL,NULL,Amount Paid,,642,0,,pending,2018-07-12,0,
378,2018PF011378,51,644,654,1688,24500,,0,125500,cash,,,,,NULL,NULL,500 move in + 18000 security + 6000 (July Rent 22 to 31st july),,654,0,,pending,2018-07-11,0,
379,2018PM026379,50,651,0,1691,5500,,0,0,paytm,,,,19651221066,NULL,NULL,Amount Paid,,642,0,,pending,2018-07-12,0,
380,2018PM013380,60,644,720,1576,20500,,0,0,cash,,,,,NULL,NULL,"rent - 10000
security- 10000
move in - 500",,643,0,,pending,2018-07-01,0,
381,2018PM025381,59,953,0,1692,1000,,0,4500,cash,,,,,NULL,NULL,Amount Paid,,642,0,,pending,2018-07-12,0,
382,2018PM025382,59,953,0,1525,10000,,0,0,online,,,,M13316,NULL,NULL,Amount Paid,,642,0,,pending,2018-07-12,0,
383,2018383,85,645,765,1631,5500,,0,132000,cash,,,,,NULL,NULL,Amount Paid,,645,0,,,2018-07-05,0,
384,2018PM025384,59,953,0,1693,5500,,0,0,cash,,,,,NULL,NULL,Amount Paid,,642,0,,pending,2018-07-12,0,
385,2018385,85,645,765,1638,5500,,0,154000,cash,,,,,NULL,NULL,Amount Paid,,645,0,,,2018-07-07,0,
386,2018PM002386,72,611,1318,1605,5500,,0,132000,cash,,,,,NULL,NULL,Amount Paid,,1314,0,,paid,2018-07-09,0,
387,2018PF009387,52,644,816,1686,5326,,0,-4826,cash,,,,,NULL,NULL,july 20 days rent - 5326,,643,0,,pending,2018-07-12,0,
388,2018388,85,645,765,1634,2500,,0,154000,cash,,,,,NULL,NULL,Amount Paid,,645,0,,,2018-07-12,0,
389,2018PM002389,72,611,1318,1559,500,,0,127000,cash,,,,,NULL,NULL,Amount Paid,,1314,0,,paid,2018-07-06,0,
390,2018PM002390,72,611,1318,1656,5500,,0,173500,cash,,,,,NULL,NULL,Amount Paid,,1314,0,,paid,2018-07-11,0,
391,2018PM002391,72,611,1318,1599,5500,,0,156000,cash,,,,,NULL,NULL,Amount Paid,,1314,0,,paid,2018-07-07,0,
392,2018PM002392,72,611,1318,1599,13000,,0,143000,cash,,,,,NULL,NULL,Amount Paid,,1314,0,,paid,2018-07-07,0,
393,2018393,85,645,765,1633,2000,,0,154000,cash,,,,,NULL,NULL,Amount Paid,,645,0,,,2018-07-12,0,
394,2018394,85,645,765,1632,2000,,0,154000,cash,,,,,NULL,NULL,Amount Paid,,645,0,,,2018-07-09,0,
395,2018395,85,645,765,1700,2000,,0,143000,cash,,,,,NULL,NULL,Amount Paid,,645,0,,,2018-07-10,0,
396,2018396,85,645,765,1639,5500,,0,132000,cash,,,,,NULL,NULL,Amount Paid,,645,0,,,2018-07-10,0,
397,2018PF025397,68,645,656,1710,5000,,0,181500,cash,,,,,NULL,NULL,Amount Paid,,645,0,,pending,2018-07-11,0,
398,2018PM002398,72,611,1318,1619,5500,,0,144000,paytm,,,,19591793267,NULL,NULL,Amount Paid,,1314,0,,paid,2018-07-07,0,
399,2018PM002399,72,611,1318,1618,5500,,0,144000,paytm,,,,19591793267,NULL,NULL,Amount Paid,,1314,0,,paid,2018-07-07,0,
400,2018PF025400,68,645,656,1585,16000,,0,190667,cash,,,,,NULL,NULL,Amount Paid,,645,0,,,2018-07-07,0,
401,2018PF025401,68,645,656,1465,5500,,0,181500,cash,,,,,NULL,NULL,Amount Paid,,645,0,,pending,2018-07-11,0,
402,2018PF025402,68,645,656,1431,5500,,0,181500,cash,,,,,NULL,NULL,Amount Paid,,645,0,,pending,2018-07-11,0,
403,2018PF025403,68,645,656,1716,5000,,0,181500,cash,,,,,NULL,NULL,Amount Paid,,645,0,,pending,2018-07-11,0,
404,2018PF025404,68,645,656,1453,5500,,0,190667,cash,,,,,NULL,NULL,Amount Paid,,645,0,,pending,2018-07-11,1314,2018-07-12
406,2018PF023406,65,645,1036,1426,4000,,0,143000,cash,,,,,NULL,NULL,Amount Paid,,645,0,,pending,2018-07-02,0,
407,2018PM013407,60,644,720,1574,16500,,0,0,cash,,,,,NULL,NULL,500+8000+8000(move in+security +july rent),,720,0,,pending,2018-07-12,0,
408,2018PF011408,51,644,654,657,8000,,0,134000,cash,,,,,NULL,NULL,July month rent,,654,0,,pending,2018-07-12,0,
409,2018PF009409,52,644,816,1742,5250,,0,-4750,cash,,,,,NULL,NULL,JULY(11-31JULY) RENT,,816,0,,pending,2018-07-12,0,
410,2018PM024410,54,953,1080,1480,36000,,0,-36000,cash,,,,,NULL,NULL,Amount Paid on cash,,1080,0,,pending,2018-07-13,0,
413,20181001413,87,1610,0,1744,10500,,500,115500,online,,,,,NULL,NULL,Amount Paid,,1,0,,pending,2018-07-13,0,
414,2018PF002414,33,58,0,1321,96000,,0,108000,cash,,,,,NULL,NULL,Amount Paid,,1314,0,,paid,2018-07-12,0,
415,2018PM021415,73,58,0,1539,5500,,0,204000,cash,,,,,NULL,NULL,Amount Paid,,1314,0,,paid,2018-07-05,0,
416,2018PM021416,73,58,0,1539,50000,,0,154000,cash,,,,,NULL,NULL,Amount Paid,,1314,0,,paid,2018-07-12,0,
417,2018PM021417,73,58,0,1538,5500,,0,204000,cash,,,,,NULL,NULL,Amount Paid,,1314,0,,paid,2018-07-05,0,
418,2018PM021418,73,58,0,1538,25000,,0,179000,cash,,,,,NULL,NULL,Amount Paid,,1314,0,,paid,2018-07-12,0,
419,2018419,85,645,765,1715,5000,,0,149500,cash,,,,,NULL,NULL,Amount Paid,,645,0,,pending,2018-07-04,1314,2018-07-13
421,2018PM015421,41,58,0,1299,48000,,0,192000,cash,,,,,NULL,NULL,Amount Paid,,1314,0,,paid,2018-07-12,0,
422,2018PF012422,22,651,0,1746,3000,,0,110000,cash,,,,,NULL,NULL,Amount Paid 3000 IN CASH FOR BOOKING AMOUNT,,651,0,,pending,2018-07-13,0,
423,2018PF013423,64,645,1036,1622,11000,,0,165500,online,,,,N192180583768846,NULL,NULL,Amount Paid,,1314,0,,paid,2018-07-11,0,
424,2018PF013424,64,645,1036,1622,5500,,0,160000,online,,,,AX8Yk4NfrsMA9g,NULL,NULL,Amount Paid,,1314,0,,paid,2018-07-09,0,
425,2018PF013425,64,645,1036,1622,16000,,0,144000,online,,,,819318181192,NULL,NULL,Amount Paid,,1314,0,,paid,2018-07-12,0,
426,2018PF012426,22,651,0,1749,137500,,0,0,online,,,,,NULL,NULL,Amount Paid 5000 FOR BOOKING AND 500 FOR MOVE IN THROUGH UTR :PUNBH18194878671,,651,0,,,2018-07-13,0,
427,2018PM013427,60,644,720,971,8000,,0,0,cash,,,,,NULL,NULL,Amount Paid,,1314,0,,paid,2018-07-01,0,
428,2018PF013428,64,645,1036,1508,5000,,0,166917,cheque,32456,Central Bank of India,2018-06-30,32456,NULL,NULL,Amount Paid,,645,0,,,2018-06-30,0,
429,2018PF013429,64,645,1036,1509,5000,,0,166917,cheque,2,HDFC,2018-06-30,2,NULL,NULL,Amount Paid,,645,0,,,2018-06-30,0,
430,2018PF013430,64,645,1036,1338,5500,,0,182000,online,,,,817818070579,NULL,NULL,,,645,0,,paid,2018-06-27,1273,2018-07-16
431,2018PF013431,64,645,1036,1339,5500,,0,182000,online,,,,Adhoc Transfer,NULL,NULL,,,645,0,,,2018-06-27,1273,2018-07-16
432,2018PF013432,64,645,1036,1441,5000,,0,166917,cash,,,,,NULL,NULL,Amount Paid,,645,0,,pending,2018-07-02,0,
433,2018PF013433,64,645,1036,1442,5000,,0,166917,cash,,,,,NULL,NULL,Amount Paid,,645,0,,pending,2018-07-02,0,
434,2018PM013434,60,644,720,746,7500,,0,37500,cash,,,,,NULL,NULL,RENT OF JULY MONTH,,720,0,,pending,2018-07-01,0,
435,2018PF013435,64,645,1036,1592,10000,,0,177000,online,,,,UPI,NULL,NULL,"Trans ID
818912881810
",,645,0,,pending,2018-07-08,0,
436,2018PF013436,64,645,1036,1532,8400,,0,163017,online,,,,NEFT,NULL,NULL,,,645,0,,paid,2018-07-04,1273,2018-07-20
437,2018PF013437,64,645,1036,1533,8400,,0,163017,paytm,,,,19546964141,NULL,NULL,Amount Paid,,645,0,,pending,2018-07-04,1273,2018-07-16
438,2018PF034438,61,651,0,1762,5500,,0,0,cash,,,,,NULL,NULL,Amount Paid,,642,0,,pending,2018-07-14,0,
439,2018PF034439,61,651,0,1764,5500,,0,0,cash,,,,,NULL,NULL,Amount Paid,,642,0,,pending,2018-07-14,0,
440,2018PF034440,61,651,0,1766,5500,,0,0,cash,,,,,NULL,NULL,Amount Paid,,642,0,,pending,2018-07-14,0,
441,2018PF006441,3,58,0,1756,5500,,0,204000,cash,,,,,NULL,NULL,Amount Paid,,1314,0,,paid,2018-07-12,0,
442,2018PF006442,3,58,0,1758,5500,,0,192000,cash,,,,,NULL,NULL,Amount Paid,,1314,0,,paid,2018-07-12,0,
443,2018PM024443,54,953,1080,1767,5500,,0,0,cash,,,,,NULL,NULL,Amount Paid on Cash,,1080,0,,pending,2018-07-14,0,
444,2018PM013444,60,644,720,1002,4000,,0,-4000,cash,,,,,NULL,NULL,security,,720,0,,pending,2018-07-02,0,
449,2018PF006449,3,58,0,54,60000,,0,137500,cash,,,,,NULL,NULL,Amount Paid,,1314,0,,paid,2018-07-14,0,
450,2018PM024450,54,953,1080,1787,500,,0,0,cash,,,,,NULL,NULL,Amount Paid ON CASH & cheque,,1080,0,,pending,2018-07-14,0,
451,2018PM024451,54,953,1080,1789,500,,0,0,cash,,,,,NULL,NULL,Amount Paid on cash,,1080,0,,,2018-07-14,0,
452,2018PF013452,64,645,1036,1232,16000,,0,171000,online,,,,IMPS,NULL,NULL,"Ref No.
819612907749",,645,0,,,2018-07-15,1273,2018-07-16
453,2018PM013453,60,644,720,995,8600,,0,-8600,cash,,,,,NULL,NULL,july rent,,720,0,,pending,2018-07-02,0,
454,2018PM013454,60,644,720,975,10000,,0,-10000,cash,,,,,NULL,NULL,july rent,,720,0,,pending,2018-07-02,0,
455,2018PM013455,60,644,720,978,8000,,0,-8000,cash,,,,,NULL,NULL,JULY RENT,,720,0,,pending,2018-07-02,0,
456,2018PM013456,60,644,720,759,7500,,0,-7500,cash,,,,,NULL,NULL,JULY RENT,,720,0,,pending,2018-07-03,0,
457,2018PM013457,60,644,720,977,8000,,0,-8000,cash,,,,,NULL,NULL,JULY RENT,,720,0,,pending,2018-07-03,0,
458,2018PM013458,60,644,720,992,8000,,0,-8000,cash,,,,,NULL,NULL,JULY RENT,,720,0,,pending,2018-07-03,0,
459,2018PM013459,60,644,720,1294,9000,,0,3833,cash,,,,,NULL,NULL,JULY RENT,,720,0,,pending,2018-07-04,0,
460,2018PM013460,60,644,720,1573,7000,,0,-2500,cash,,,,,NULL,NULL,JULY RENT,,720,0,,pending,2018-07-04,0,
461,2018PM013461,60,644,720,1575,7000,,0,1000,cash,,,,,NULL,NULL,JULY RENT,,720,0,,pending,2018-07-04,0,
462,2018PM013462,60,644,720,1460,NaN,,0,1500,cash,,,,,NULL,NULL,JULY RENT,,720,0,,pending,2018-07-04,0,
463,2018PF012463,22,651,0,826,9500,,0,-9500,online,,,,IRG9854602,NULL,NULL,Rent - July,,642,0,,pending,2018-07-10,0,
464,2018PF012464,22,651,0,832,8500,,0,123500,cash,,,,,NULL,NULL,rent -july,,642,0,,pending,2018-07-15,0,
465,2018PF012465,22,651,0,823,11000,,0,121000,online,,,,817116499260,NULL,NULL,rent - july,,642,0,,pending,2018-07-11,0,
466,2018PF012466,22,651,0,1751,500,,0,131500,cash,,,,,NULL,NULL,move in charge,,642,0,,pending,2018-07-15,0,
467,2018PF012467,22,651,0,1749,5500,,0,126500,online,,,,PUNBH18194878671,NULL,NULL,"Booking -500
move in 500",,642,0,,,2018-07-13,0,
468,2018PF013468,64,645,1036,1341,5000,,0,160500,cash,,,,,NULL,NULL,Amount Paid,,645,0,,pending,2018-07-15,0,
469,2018PF012469,22,651,0,1804,3000,,0,129000,online,,,,AZBbV66fXW7QdL,NULL,NULL,BOOKING AMOUNT,,651,0,,pending,2018-07-14,0,
470,2018PF012470,22,651,0,1805,5500,,0,104500,card,,,,,NULL,NULL,Amount Paid BOOKING 5000 AND 500 MOVE IN AZOCfk0JjdjCR3,,651,0,,pending,2018-07-15,0,
471,2018PF012471,22,651,0,1081,17000,,0,168000,online,,,,UBINH18194504140,NULL,NULL,JULY RENT PAID ,,651,0,,pending,2018-07-13,0,
472,2018PF030472,66,872,0,1790,35000,,0,62167,cash,,,,,NULL,NULL,Amount Paid,,872,0,,pending,2018-07-15,0,
473,2018PF032473,43,953,0,1332,5500,,0,0,cash,,,,,NULL,NULL,Booking Amount,,642,0,,pending,2018-07-15,0,
474,2018PF032474,43,953,0,1807,5500,,0,5500,cash,,,,,NULL,NULL,booking amount,,642,0,,pending,2018-07-15,0,
475,2018PF032475,43,953,0,1812,5500,,0,11000,paytm,,,,818914629265,NULL,NULL,Amount Paid,,953,0,,pending,2018-07-15,0,
476,2018PF032476,43,953,0,1813,11000,,0,0,paytm,,,,19599839526,NULL,NULL,Amount Paid,,953,0,,pending,2018-07-15,0,
477,2018PF032477,43,953,0,1814,5500,,0,7792,cash,,,,,NULL,NULL,Amount Paid,,953,0,,pending,2018-07-15,0,
478,2018PF032478,43,953,0,1815,5500,,0,7792,cash,,,,,NULL,NULL,Amount Paid,,953,0,,pending,2018-07-15,0,
479,2018PF032479,43,953,0,1816,5500,,0,7792,cash,,,,,NULL,NULL,Amount Paid,,953,0,,pending,2018-07-15,0,
480,2018PF032480,43,953,0,1774,5500,,0,7792,cash,,,,,NULL,NULL,Amount Paid,,953,0,,pending,2018-07-15,0,
481,2018PM025481,59,953,0,1692,4500,,0,0,cash,,,,,NULL,NULL,Amount Paid,,642,0,,pending,2018-07-16,0,
482,2018PF010482,57,950,1033,1798,500,,0,89000,cash,,,,,NULL,NULL,Amount Paid,,1033,1273,cash ,paid,2018-07-16,1273,2018-07-16
483,2018PF010483,57,950,1033,1798,7000,,0,82000,cash,,,,,NULL,NULL,Amount Paid,,1033,0,,pending,2018-07-16,1273,2018-07-16
484,2018PF010484,57,950,1033,1580,15700,,0,68500,online,,,,819614309462,NULL,NULL,Amount Paid,,1033,1273,819614309462,paid,2018-07-16,0,
485,2018PF010485,57,950,1033,1580,5500,,0,63000,cash,,,,,NULL,NULL,Amount Paid,,1033,0,,pending,2018-07-16,0,
487,2018PF012487,22,651,0,1829,5500,,0,143000,paytm,,,,19698123850,NULL,NULL,booking amount 5000 and 500 move in charge,,651,1273,19698123850,paid,2018-07-15,0,
492,2018PF010492,57,950,1033,1836,2000,,0,17500,cash,,,,,NULL,NULL,Amount Paid,,1033,0,,,2018-07-16,0,
493,2018PF010493,57,950,1033,1836,5000,,0,9500,cash,,,,,NULL,NULL,Amount Paid,,1033,0,,,2018-07-16,0,
494,2018PF012494,22,651,0,1846,5500,,0,126500,card,,,,,NULL,NULL,5000 booking amount and 500 move in amount through card AZgWO7Ftkk6n0g,,651,0,,pending,2018-07-16,0,
495,2018PF012495,22,651,0,1847,5500,,0,126500,card,,,,,NULL,NULL,booking amount 5000 and 500 move in paid through card AZgc6d00PF8g3a,,651,0,,pending,2018-07-19,0,
498,2018PF012498,22,651,0,1850,5500,,0,126500,cash,,,,,NULL,NULL,5000 booking amount and 500 move in ,,651,0,,pending,2018-07-07,0,
499,2018PF010499,57,950,1033,1727,5500,,0,79000,online,,,,819109367166,NULL,NULL,Amount Paid,,1033,1273,819109367166,paid,2018-07-16,0,
500,2018PF010500,57,950,1033,696,14000,,0,14000,online,,,,818716968309,NULL,NULL,Amount Paid,,1033,1273,818716968309,paid,2018-07-16,0,
501,2018PF010501,57,950,1033,1375,14500,,0,58500,cash,,,,,NULL,NULL,Amount Paid,,1033,0,,pending,2018-07-16,0,
502,2018PF010502,57,950,1033,1448,14000,,0,14000,cash,,,,,NULL,NULL,Amount Paid,,1033,0,,pending,2018-07-16,0,
503,2018PF010503,57,950,1033,1045,13500,,0,135500,online,,,,SBIN318185530823,NULL,NULL,Amount Paid,,1033,0,,pending,2018-07-16,0,
504,2018PF013504,64,645,1036,1863,16500,,0,160000,cash,,,,,NULL,NULL,Amount Paid,,645,0,,,2018-07-16,0,
505,2018PF010505,57,950,1033,1412,14000,,0,28000,cash,,,,,NULL,NULL,Amount Paid,,1033,0,,pending,2018-07-16,0,
506,2018PF010506,57,950,1033,715,14000,,0,42000,cash,,,,,NULL,NULL,Amount Paid,,1033,0,,pending,2018-07-16,0,
507,2018PF010507,57,950,1033,1047,15000,,0,0,online,,,,818521962528,NULL,NULL,Amount Paid,,1033,0,,pending,2018-07-16,1273,2018-07-18
509,2018PM024509,54,953,1080,1340,10000,,0,-10000,online,,,,IRG9709599,NULL,NULL,Amount Paid,,642,1273,SBIN718190777792,paid,2018-07-17,1273,2018-07-21
510,2018PM018510,38,58,1780,1871,185500,,0,0,cash,,,,,NULL,NULL,Amount Paid,,1177,0,,,2018-07-17,0,
511,2018PFI01511,47,1650,1788,1865,14500,,0,67500,cheque,,,,,NULL,NULL,Amount Paid,,1788,0,,pending,2018-07-17,0,
512,2018PF012512,22,651,0,1891,13330,,0,96670,cash,,,,,NULL,NULL,one month security 10000+ pro data july rent 3330 + 500 move in charge ,,651,0,,pending,2018-07-17,0,
513,2018PF012513,22,651,0,1850,12625,,0,113875,cash,,,,,NULL,NULL,6750 JULY RENT AND 5875 SECURITY AMOUNT ,,651,0,,pending,2018-07-17,0,
515,2018PF030515,66,872,0,1892,5500,,0,104167,cash,,,,,NULL,NULL,Amount Paid,,1314,0,,paid,2018-07-17,0,
516,2018PM003516,74,611,1318,1879,5500,,0,252000,cash,,,,,NULL,NULL,Amount Paid,,1314,0,,paid,2018-07-16,0,
517,2018PM002517,72,611,1318,1875,24500,,0,97000,cash,,,,,NULL,NULL,Amount Paid,,1314,0,,paid,2018-07-17,0,
518,2018PM002518,72,611,1318,1124,19500,,0,132500,cash,,,,,NULL,NULL,Amount Paid,,1314,0,,paid,2018-07-18,0,
521,2018PM004521,13,512,1781,246,5500,,0,168000,cash,,,,,NULL,NULL,Amount Paid,,1314,0,,paid,2018-07-15,0,
522,2018PFI01522,47,1650,1788,947,1000,,0,84000,cash,,,,,NULL,NULL,Amount Paid,,1273,0,,pending,2018-07-18,1273,2018-07-18
523,2018PM011523,18,58,1782,1893,5500,,0,180000,paytm,,,,19683643866,NULL,NULL,Amount Paid,,1314,0,,paid,2018-07-14,0,
524,2018PFI01524,47,1650,1788,947,14000,,0,-14000,cash,,,,,NULL,NULL,Amount Paid,,1273,0,,pending,2018-07-18,1273,2018-07-18
525,2018PFI01525,47,1650,1788,947,70000,,0,0,cash,,,,,NULL,NULL,Amount Paid,,1788,0,,pending,2018-07-18,0,
527,2018PFL01527,36,1555,871,1844,15500,,0,110000,cash,,,,,NULL,NULL,Amount Paid,,1314,0,,pending,2018-07-16,0,
528,2018PFL01528,36,1555,871,1614,135500,,0,0,cash,,,,,NULL,NULL,Amount Paid,,871,0,,pending,2018-07-16,0,
529,2018PFI01529,47,1650,1788,1383,8000,,0,77000,cash,,,,,NULL,NULL,Amount Paid,,1788,0,,pending,2018-07-18,0,
530,2018PF002530,33,58,0,1897,5500,,0,192000,cash,,,,,NULL,NULL,Amount Paid,,1314,0,,paid,2018-07-18,0,
531,2018PFL01531,36,1555,871,1844,15500,,0,110000,cash,,,,,NULL,NULL,Amount Paid,,602,0,,pending,2018-07-18,0,
532,2018PFL01532,36,1555,871,1810,15500,,0,110000,cash,,,,,NULL,NULL,Amount Paid,,602,0,,pending,2018-07-18,0,
533,2018PFL01533,36,1555,871,1614,15500,,0,110000,cash,,,,,NULL,NULL,Amount Paid,,602,0,,pending,2018-07-18,0,
534,2018PFL01534,36,1555,871,1657,15500,,0,110000,cash,,,,,NULL,NULL,Amount Paid,,602,0,,pending,2018-07-18,0,
535,2018PM007535,1,512,3,1902,500,,0,305000,cash,,,,,NULL,NULL,Amount Paid,,1314,0,,paid,2018-07-18,0,
536,2018PFL01536,36,1555,871,1614,15500,,0,110000,cash,,,,,NULL,NULL,Amount Paid,,602,0,,pending,2018-07-18,0,
538,2018PFL01538,36,1555,871,1614,15500,,0,110000,cash,,,,,NULL,NULL,Amount Paid,,602,0,,pending,2018-07-18,0,
539,2018PFL03539,32,1555,1557,1644,14500,,0,29667,cash,,,,,NULL,NULL,Amount Paid,,602,0,,pending,2018-07-18,0,
540,2018PFL01540,36,1555,871,1878,15500,,0,110000,cash,,,,,NULL,NULL,Amount Paid,,871,0,,pending,2018-07-18,0,
542,2018PFL02542,37,1555,1556,1611,5500,,0,100000,cheque,885826,SBI,2018-07-09,885826,NULL,NULL,Amount Paid,,602,0,,pending,2018-07-18,0,
543,2018PF010543,57,950,1033,1894,5000,,0,68000,cash,,,,,NULL,NULL,Amount Paid,,1033,0,,pending,2018-07-18,0,
544,2018PF010544,57,950,1033,1775,5000,,0,171500,cash,,,,,NULL,NULL,Amount Paid,,1033,0,,pending,2018-07-18,1314,2018-07-21
546,2018PM026546,50,651,0,1507,17000,,0,-11500,cash,,,,,NULL,NULL,"deposit- 11000
rent- 6000",,642,0,,pending,2018-07-18,0,
547,2018PF010547,57,950,1033,1043,15000,,0,17500,cash,,,,,NULL,NULL,Amount Paid,,1033,0,,pending,2018-07-18,0,
548,2018PF010548,57,950,1033,1043,15000,,0,500,cash,,,,,NULL,NULL,Amount Paid,,1033,0,,pending,2018-07-18,0,
549,2018PF012549,22,651,0,1677,20500,,0,117000,cash,,,,,NULL,NULL,security money paid in cash,,651,0,,pending,2018-07-18,0,
550,2018PF012550,22,651,0,1677,10500,,0,106500,paytm,,,,19733121522,NULL,NULL,rent amount paid,,651,0,,pending,2018-07-18,0,
551,2018PM011551,18,58,1782,1906,5500,,0,180000,online,,,,,NULL,NULL,Amount Paid,,1314,0,,paid,2018-07-16,0,
553,2018PF012553,22,651,0,1259,16000,,0,130000,cash,,,,,NULL,NULL,she paid one month security and july 15 days payment on pro data,,651,0,,pending,2018-07-18,0,
554,2018PF012554,22,651,0,1911,11500,,0,120500,cash,,,,,NULL,NULL,july rent paid ,,651,0,,pending,2018-07-18,0,
555,2018PF012555,22,651,0,1912,11500,,0,120500,cash,,,,,NULL,NULL,paid july rent,,651,0,,pending,2018-07-18,0,
556,2018PM017556,40,58,1780,1913,5500,,0,192000,cash,,,,,NULL,NULL,Amount Paid,,1314,0,,paid,2018-07-18,0,
557,2018PF010557,57,950,1033,1775,31250,,0,139000,online,,,,819922821853,NULL,NULL,Amount Paid,,1273,0,,paid,2018-07-19,1314,2018-07-21
558,2018PM002558,72,611,1318,1916,5500,,0,132000,cash,,,,,NULL,NULL,Amount Paid,,1314,0,,paid,2018-07-19,0,
559,2018PF014559,44,645,765,1759,35000,,0,164500,online,,,,pay_AaxdoK6jcGGq4n,NULL,NULL,razorpay,,1273,0,,paid,2018-07-19,0,
560,2018PF025560,68,645,656,1367,5500,,0,176000,cash,,,,,NULL,NULL,Amount Paid,,1314,0,,paid,2018-06-29,1314,2018-07-19
561,2018PM004561,13,512,1781,246,56000,,0,112000,cash,,,,,NULL,NULL,Amount Paid,,1314,0,,paid,2018-07-19,0,
562,2018PM004562,13,512,1781,245,150000,,0,59500,cash,,,,,NULL,NULL,Amount Paid,,1314,0,,pending,2018-07-19,0,
563,2018PFI01563,47,1650,1788,946,6750,,0,75250,cheque,92,HDFC Bank,2018-07-12,92,NULL,NULL,Amount Paid,,1788,0,,pending,2018-07-19,1273,2018-07-19
564,2018PM004564,13,512,1781,1931,5500,,0,168000,paytm,,,,19729735807,NULL,NULL,Amount Paid,,1314,0,,paid,2018-07-18,0,
565,2018PF007565,14,58,0,1901,5500,,0,186500,cash,,,,,NULL,NULL,Amount Paid,,1314,0,,paid,2018-07-18,1273,2018-07-20
566,2018PF013566,64,645,1036,1509,5000,,0,177000,cheque,2,HDFC,2018-06-30,2,NULL,NULL,Amount Paid,,645,0,,pending,2018-06-30,0,
567,2018PF013567,64,645,1036,1509,24750,,0,152250,cash,,,,,NULL,NULL,15 days pro data and 1 month advance,,645,0,,pending,2018-07-19,0,
568,2018PM017568,40,58,1780,1934,5500,,0,216000,cash,,,,,NULL,NULL,Amount Paid,,1314,0,,paid,2018-07-19,0,
569,2018PM017569,40,58,1780,1918,5500,,0,216000,cash,,,,,NULL,NULL,Amount Paid,,1314,0,,paid,2018-07-18,0,
570,2018PM017570,40,58,1780,1919,5500,,0,216000,cash,,,,,NULL,NULL,Amount Paid,,1314,0,,paid,2018-07-18,0,
571,2018PM012571,70,58,1782,1935,5500,,0,180000,cash,,,,,NULL,NULL,Amount Paid,,1314,0,,paid,2018-07-19,0,
572,2018PFI01572,47,1650,1788,1409,15000,,0,70000,cash,,,,,NULL,NULL,Amount Paid,,1788,0,,pending,2018-07-01,0,
573,2018PFI01573,47,1650,1788,1316,15000,,0,70000,cash,,,,,NULL,NULL,Amount Paid,,1788,0,,pending,2018-06-27,0,
574,2018PFI01574,47,1650,1788,1317,15000,,0,70000,cash,,,,,NULL,NULL,Amount Paid,,1788,0,,pending,2018-06-27,0,
575,2018PF003575,34,512,3,1903,5500,,0,216000,cash,,,,,NULL,NULL,Amount Paid,,1314,0,,paid,2018-07-18,0,
576,2018PFI01576,47,1650,1788,1090,15000,,0,70000,cash,,,,,NULL,NULL,Amount Paid,,1788,0,,pending,2018-06-21,0,
577,2018PM007577,1,512,3,333,500,,0,221000,cash,,,,,NULL,NULL,Amount Paid,,1314,0,,paid,2018-07-19,0,
578,2018PFI01578,47,1650,1788,1317,7000,,0,63000,cash,,,,,NULL,NULL,Amount Paid,,1788,0,,pending,2018-07-11,0,
579,2018PFI01579,47,1650,1788,941,1000,,0,84000,cash,,,,,NULL,NULL,Amount Paid,,1788,0,,pending,2018-06-07,0,
580,2018PFI01580,47,1650,1788,942,14000,,0,71000,cash,,,,,NULL,NULL,Amount Paid,,1788,0,,pending,2018-07-02,0,
581,2018PFI01581,47,1650,1788,943,6500,,0,72000,cash,,,,,NULL,NULL,Amount Paid,,1788,0,,pending,2018-06-28,0,
582,2018PFI01582,47,1650,1788,960,7750,,0,74250,cash,,,,,NULL,NULL,Amount Paid,,1788,0,,pending,2018-06-04,0,
583,2018PFI01583,47,1650,1788,960,6750,,0,67500,cash,,,,,NULL,NULL,Amount Paid,,1788,0,,pending,2018-07-05,0,
584,2018PFI01584,47,1650,1788,961,5750,,0,76250,cash,,,,,NULL,NULL,Amount Paid,,1788,0,,pending,2018-06-04,0,
585,2018PFI01585,47,1650,1788,961,7750,,0,68500,cash,,,,,NULL,NULL,Amount Paid,,1788,0,,pending,2018-06-04,0,
586,2018PFI01586,47,1650,1788,961,-5750,,0,74250,cash,,,,,NULL,NULL,Amount Paid,,1788,0,,pending,2018-07-19,0,
587,2018PFI01587,47,1650,1788,961,6750,,0,67500,cash,,,,,NULL,NULL,Amount Paid,,1788,0,,pending,2018-07-04,0,
588,2018PFI01588,47,1650,1788,954,500,,0,84000,cash,,,,,NULL,NULL,Amount Paid,,1788,0,,pending,2018-05-08,0,
589,2018PFI01589,47,1650,1788,904,13000,,0,72000,cash,,,,,NULL,NULL,Amount Paid,,1788,0,,pending,2018-06-19,0,
590,2018PF012590,22,651,0,1671,21000,,0,111000,cheque,83,BOB,2018-08-01,83,NULL,NULL,"Rent - August
one month Security",,642,0,,pending,2018-07-19,0,
592,2018PF013592,64,645,1036,1592,42000,,0,145000,cash,,,,,NULL,NULL,Security Amount,,645,0,,pending,2018-07-19,0,
593,2018PF012593,22,651,0,1846,32500,,0,94000,cash,,,,,NULL,NULL,"Rent - 7500
Security- 25000",,642,0,,pending,2018-07-19,0,
594,2018PF012594,22,651,0,1847,32500,,0,94000,cash,,,,,NULL,NULL,"Rent -7500
Security- 25000",,642,0,,pending,2018-07-19,0,
595,2018PF025595,68,645,656,1670,27500,,0,173667,online,,,,18199067045,NULL,NULL,Amount Paid,,645,1314,18199067045,paid,2018-07-18,0,
596,2018PF025596,68,645,656,1714,41994,,0,127006,online,,,,18199092804,NULL,NULL,Amount Paid,,645,1314,18199092804,paid,2018-07-18,0,
597,2018PM015597,41,58,1780,1104,64800,,0,156700,online,,,,911010037929217,NULL,NULL,Amount Paid,,1780,1314,911010037929217,paid,2018-06-21,0,
598,2018PM015598,41,58,1780,1104,5500,,0,151200,cash,,,,,NULL,NULL,Amount Paid,,1780,1314,"Not Required
",paid,2018-06-12,0,
599,2018PF014599,44,645,765,1204,35000,,0,141000,online,,,,10010100459587,NULL,NULL,IMPS,,645,0,,,2018-07-18,0,
600,2018PF012600,22,651,0,1922,30500,,0,112500,cash,,,,,NULL,NULL,6000 rent+24000 security money+500 move in charge,,651,0,,pending,2018-07-19,0,
601,2018PM015601,41,58,1780,1104,64800,,0,86400,online,,,,911010037929217,NULL,NULL,Amount Paid,,1780,1314,911010037929217,paid,2018-07-18,0,
602,2018PF025602,68,645,656,1776,32500,,0,163167,online,,,,IMPS00058812839,NULL,NULL,Amount Paid,,645,1314,211070869 /819922821853 /01515,paid,2018-07-18,0,
603,2018PF012603,22,651,0,1543,167500,,23500,0,cash,,,,,NULL,NULL,4000 july rent on pro data and security money,,651,0,,,2018-07-19,0,
604,2018PF025604,68,645,656,1155,35000,,0,119500,online,,,,10010100459587,NULL,NULL,Amount Paid,,645,1314,"IMPS /ANJANA SWAMI /XXX9587
/RRN :819917265397",paid,2018-07-18,0,
605,2018PF025605,68,645,656,1367,33750,,0,-33750,cheque,62059,IDBI,2018-07-19,62059,NULL,NULL,Amount Paid,,645,0,,pending,2018-07-19,0,
606,2018PF025606,68,645,656,1132,33850,,0,153150,online,,,,SBIN518200906687,NULL,NULL,Amount Paid,,645,1314,"IMPS /ANJANA SWAMI /XXX9587
/RRN :819917265397 /",paid,2018-07-19,0,
607,2018PF025607,68,645,656,1328,36250,,0,147750,cash,,,,,NULL,NULL,CASH DEPOSITE,,645,0,,pending,2018-07-19,0,
608,2018PF025608,68,645,656,1334,33750,,0,153250,online,,,,SBIN518200936035,NULL,NULL,Amount Paid,,645,1314,SBIN518200936035,paid,2018-07-19,0,
609,2018PF013609,64,645,1036,1339,5500,,0,182000,online,,,,817818070579,NULL,NULL,Amount Paid,,645,0,,paid,2018-06-27,1273,2018-07-20
610,2018PM007610,1,512,3,1972,500,,0,269000,cash,,,,,NULL,NULL,Amount Paid,,1314,0,,paid,2018-07-19,0,
611,2018PF007611,14,58,0,1901,59000,,0,127500,online,,,,PLACIO181901608,NULL,NULL,Amount Paid,,1273,0,,paid,2018-07-20,1273,2018-07-20
614,2018PF013614,64,645,1036,1508,5500,,0,171000,cheque,32456,Central Bank of India,2018-06-30,32456,NULL,NULL,Amount Paid,,645,0,,pending,2018-06-30,0,
615,2018PF013615,64,645,1036,1508,24000,,0,147000,cheque,11,HDFC,2018-07-15,11,NULL,NULL,Amount Paid,,645,0,,pending,2018-07-19,0,
616,2018PF007616,14,58,0,1983,5500,,0,204000,paytm,,,,19760232461,NULL,NULL,Amount Paid,,1314,1273,19760232461,paid,2018-07-20,0,
617,2018PF012617,22,651,0,1746,21250,,0,88750,cash,,,,,NULL,NULL,security amount 19000+500 move in+1750 rent on prodata,,651,0,,pending,2018-07-20,0,
618,2018PMI02618,28,1650,0,1985,6550,,0,63550,cash,,,,,NULL,NULL,Amount Paid,,1650,0,,pending,2018-07-20,0,
619,2018PM017619,40,58,1780,1913,15000,,0,177000,cash,,,,,NULL,NULL,Amount Paid,,1314,0,,pending,2018-07-20,0,
620,2018PF006620,3,58,0,1756,37000,,0,167000,cash,,,,,NULL,NULL,Amount Paid,,1314,0,,pending,2018-07-20,0,
621,2018PFL01621,36,1555,871,1988,15500,,0,110000,cash,,,,,NULL,NULL,Amount Paid,,871,0,,pending,2018-07-20,0,
622,2018PF012622,22,651,0,1394,5500,,0,138500,online,,,,N180180573286005,NULL,NULL,Amount Paid,,651,1273,N180180573286005,paid,2018-06-29,0,
623,2018PF012623,22,651,0,1394,32500,,0,106000,cash,,,,,NULL,NULL,Amount Paid,,651,0,,pending,2018-07-20,0,
624,2018PM017624,40,58,1780,1913,170000,,0,7000,cash,,,,,NULL,NULL,Amount Paid,,58,0,,pending,2018-07-20,0,
625,2018PM017625,40,58,1780,1913,15000,,0,-8000,cash,,,,,NULL,NULL,Amount Paid,,58,0,,pending,2018-07-20,0,
626,2018PM017626,40,58,1780,1913,NaN,,0,NaN,cash,,,,,NULL,NULL,Amount Paid,,58,0,,pending,2018-07-21,0,
627,2018PFI01627,47,1650,1788,1440,15000,,0,70000,cash,,,,,NULL,NULL,Amount Paid,,1788,0,,pending,2018-07-05,0,
628,2018PF010628,57,950,1033,1775,7250,,0,152750,online,,,,820112343407,NULL,NULL,Amount Paid,,1033,0,,pending,2018-07-21,1314,2018-07-21
629,2018PF006629,3,58,0,1991,53500,,0,156000,cash,,,,,NULL,NULL,Amount Paid,,1314,0,,pending,2018-07-20,0,
630,2018PM026630,50,651,0,1831,21800,,0,-16300,cash,,,,,NULL,NULL,"Amount Paid
Rent of july- 3800
deposit- 23000",,642,0,,pending,2018-07-21,0,
631,2018PMI02631,28,1650,0,1285,5800,,0,64800,cash,,,,,NULL,NULL,Amount Paid,,1650,0,,pending,2018-07-21,0,
632,2018PMI02632,28,1650,0,1285,2000,,0,67600,cash,,,,,NULL,NULL,Amount Paid,,1650,0,,pending,2018-06-25,0,
633,2018PMI02633,28,1650,0,1285,3800,,0,63800,cash,,,,,NULL,NULL,Amount Paid,,1650,0,,pending,2018-07-06,0,
634,2018PF004634,16,512,81,1995,5500,,0,156000,cash,,,,,NULL,NULL,Amount Paid,,1314,0,,pending,2018-07-19,0,
635,2018PM018635,38,58,1780,1992,5500,,0,192000,online,,,,216753635967186,NULL,NULL,Amount Paid,,1314,0,,pending,2018-07-21,0,
636,2018PF004636,16,512,81,1996,5500,,0,150000,paytm,,,,19763923662,NULL,NULL,Amount Paid,,1314,0,,pending,2018-07-20,0,
637,2018PM021637,73,58,1782,1561,45000,,0,164500,cheque,423140,STATE BANK OF INDIA,2018-07-12,423140,NULL,NULL,Amount Paid,,1314,0,,paid,2018-07-12,0,
638,2018PM002638,72,611,1318,1997,5500,,0,132000,cash,,,,,NULL,NULL,Amount Paid,,1314,0,,pending,2018-07-20,0,
639,2018PM021639,73,58,1782,1561,5500,,0,159000,cash,,,,,NULL,NULL,Amount Paid,,1314,0,,paid,2018-07-06,0,
640,2018PM004640,13,512,1781,212,500,,0,173000,cash,,,,,NULL,NULL,Amount Paid,,1314,0,,pending,2018-07-20,0,
641,2018PM026641,50,651,0,1860,5500,,0,0,cash,,,,,NULL,NULL,Amount Paid,,642,0,,pending,2018-07-21,0,
642,2018PM026642,50,651,0,1860,31000,,0,-31000,online,,,,N202180590893791,NULL,NULL,Amount Paid,,642,0,,pending,2018-07-21,0,
643,2018PM026643,50,651,0,1691,23750,,0,-23750,paytm,,,,19743398718,NULL,NULL,"Amount Paid
RENT- 5750
SECURITY- 23000",,642,0,,pending,2018-07-21,0,
644,2018PF012644,22,651,0,1998,10000,,0,100000,cash,,,,,NULL,NULL,one month security + 500 move in,,651,0,,pending,2018-07-19,0,
645,2018PM026645,50,651,0,1311,36000,,0,-30500,cash,,,,,NULL,NULL,"Amount Paid
RENT- 13500
SECURITY- 27000
",,642,0,,pending,2018-07-21,0,
646,2018PM026646,50,651,0,1672,36000,,0,-36000,online,,,,SBIN518200927322,NULL,NULL,"Amount Paid
RENT- 13500
SECURITY- 27000",,642,1315,SBIN518200927322,paid,2018-07-21,1314,2018-07-21
647,2018PM026647,50,651,0,1747,14750,,0,-9250,cash,,,,,NULL,NULL,"Amount Paid
RENT- 5750
SECURITY- 9000
",,642,0,,pending,2018-07-21,0,
648,2018PM004648,13,512,1781,235,500,,0,113000,cash,,,,,NULL,NULL,Amount Paid,,1314,0,,pending,2018-07-20,0,
649,2018PM026649,50,651,0,1593,5500,,0,0,paytm,,,,19577401628,NULL,NULL,Amount Paid,,642,0,,pending,2018-07-21,0,
650,2018PM026650,50,651,0,1593,9000,,0,-9000,paytm,,,,19773124741,NULL,NULL,"Amount Paid
RENT+SECURITY",,642,0,,pending,2018-07-21,0,
651,2018PM026651,50,651,0,1593,22000,,0,-31000,paytm,,,,19773162485,NULL,NULL,"Amount Paid
RENT+SECURITY",,642,0,,pending,2018-07-21,0,
652,2018PM026652,50,651,0,1830,5500,,0,0,cash,,,,,NULL,NULL,Amount Paid,,642,0,,pending,2018-07-21,0,
653,2018PF010653,57,950,1033,687,21000,,0,89000,cash,,,,,NULL,NULL,Amount Paid,,1033,0,,pending,2018-07-21,0,
654,2018PM026654,50,651,0,1830,32500,,0,-32500,cash,,,,,NULL,NULL,"Amount Paid
RENT+SECURITY",,642,0,,pending,2018-07-19,0,
655,2018PF012655,22,651,0,1947,5500,,0,115500,cash,,,,,NULL,NULL,5000 rent on pro data and 500 move in ,,642,0,,pending,2018-07-19,0,
656,2018PM026656,50,651,0,1673,31000,,0,-31000,paytm,,,,19747026559,NULL,NULL,"Amount Paid
RENT+SECURITY",,642,0,,pending,2018-07-21,0,
657,2018PM026657,50,651,0,1595,5500,,0,0,cash,,,,,NULL,NULL,Amount Paid,,642,0,,pending,2018-07-21,0,
658,2018PM026658,50,651,0,1595,10000,,0,-10000,online,,,,820016329441,NULL,NULL,"Amount Paid
RENT+SECURITY",,642,0,,pending,2018-07-21,0,
659,2018PM026659,50,651,0,1595,15000,,0,-25000,online,,,,820121399424,NULL,NULL,"Amount Paid
RENT+SECURITY",,642,0,,pending,2018-07-21,0,
660,2018PM018660,38,58,1780,2003,5500,,0,216000,cash,,,,,NULL,NULL,Amount Paid,,1314,0,,pending,2018-07-21,0,
661,2018PF012661,22,651,0,1989,5500,,0,126500,cash,,,,,NULL,NULL,booking amount 5000+500 move in,,651,0,,pending,2018-07-16,0,
662,2018PF012662,22,651,0,1984,11000,,0,121500,online,,,,197180587167192,NULL,NULL,booking amount 5000+500 move in ,,651,1,197180587167192,paid,2018-07-16,1,2018-07-21
663,2018PF012663,22,651,0,1543,28500,,0,103500,cash,,,,,NULL,NULL,4000 july rent on pro data+500 move in +24000 security ,,651,0,,pending,2018-07-19,0,
664,2018PF002664,33,58,0,2004,5500,,0,228000,cash,,,,,NULL,NULL,Amount Paid,,1314,0,,pending,2018-07-21,0,
665,2018PF012665,22,651,0,1989,11500,,0,115000,online,,,,n 201180590274750,NULL,NULL,security one month ,,651,0,,pending,2018-07-20,0,
666,2018PF012666,22,651,0,1984,11500,,0,110000,online,,,,n 201180590274750,NULL,NULL,security one month ,,651,1,n 201180590274750,paid,2018-07-20,1,2018-07-21
